VIN,Associated Location,Full Address,Association Label
ZJ6ALBY1N9XTH4W7F,"560 Penstock Drive, Grass Valley, CA 95945","560 Penstock Drive, Grass Valley, CA 95945",Current Location
N535SFZ64B0GS2VOM,"560 Penstock Drive, Grass Valley, CA 95945","560 Penstock Drive, Grass Valley, CA 95945",Current Location
G46QDSRHBHV0EVNOR,"2721 Lindsay Avenue, Louisville, KY 40206","2721 Lindsay Avenue, Louisville, KY 40206",Current Location
GSHKPW441B12F1PMT,"308 Woodleaf Court, Glen Burnie, MD 21061","308 Woodleaf Court, Glen Burnie, MD 21061",Current Location
SWZQ7ZT15QIFGF1G9,"1745 T Street Southeast, Washington, DC 20020","1745 T Street Southeast, Washington, DC 20020",Current Location
LZ5PSYLKOJTUFH6CY,"4 Old Colony Way, Yarmouth, MA 02664","4 Old Colony Way, Yarmouth, MA 02664",Current Location
7X6AM8ZD8FVY7MTAV,"210 Lacross Lane, Westmore, VT 05860","210 Lacross Lane, Westmore, VT 05860",Current Location
CA99XY7G8WZDZ01I6,"210 Green Road, Manchester, CT 06042","210 Green Road, Manchester, CT 06042",Current Location
S3FUJ1C6SZ9G1BZ61,"5906 Milton Avenue, Deale, MD 20751","5906 Milton Avenue, Deale, MD 20751",Current Location
W5D1GSL7RF5EYE0F7,"5601 West Crocus Drive, Glendale, AZ 85306","5601 West Crocus Drive, Glendale, AZ 85306",Current Location
R6WQLQMJ8B5PXZ34T,"1208 Elkader Court North, Nashville, TN 37013","1208 Elkader Court North, Nashville, TN 37013",Current Location
09R391JQXIBV0WI1H,"49548 Road 200, O'Neals, CA 93645","49548 Road 200, O'Neals, CA 93645",Current Location
3QOFSTS0VV5QCLBD5,"1513 Cathy Street, Savannah, GA 31415","1513 Cathy Street, Savannah, GA 31415",Current Location
TF6EFOGRDFYU3PBIL,"8502 Madrone Avenue, Louisville, KY 40258","8502 Madrone Avenue, Louisville, KY 40258",Current Location
V6ZE6O98LEA6ZW7Y4,"2010 Rising Hill Drive, Norman, OK 73071","2010 Rising Hill Drive, Norman, OK 73071",Current Location
T0FSMYATRYOD2W67W,"2203 7th Street Road, Louisville, KY 40208","2203 7th Street Road, Louisville, KY 40208",Current Location
NWJPUXNQ4I9IJO7O3,"1208 Elkader Court North, Nashville, TN 37013","1208 Elkader Court North, Nashville, TN 37013",Current Location
LS3I7J539HQ6XNMGV,"7431 Candace Way, Louisville, KY 40214","7431 Candace Way, Louisville, KY 40214",Current Location
WHH2VPY6KC9K6ZB0V,"20930 Todd Valley Road, Foresthill, CA 95631","20930 Todd Valley Road, Foresthill, CA 95631",Current Location
7S81VCZUQTWZMTSUI,"2811 Battery Place Northwest, Washington, DC 20016","2811 Battery Place Northwest, Washington, DC 20016",Current Location
7JW1YIVCB90QNVR75,"210 Lacross Lane, Westmore, VT 05860","210 Lacross Lane, Westmore, VT 05860",Current Location
JMB6IFOLDXVUP83DO,"20930 Todd Valley Road, Foresthill, CA 95631","20930 Todd Valley Road, Foresthill, CA 95631",Current Location
WY2OZYY7BY625GTHH,"388 East Main Street, , VT 05753","388 East Main Street, , VT 05753",Current Location
JIH3P0RSHBDDVD8A1,"1513 Cathy Street, Savannah, GA 31415","1513 Cathy Street, Savannah, GA 31415",Current Location
P3K4QJ4L3Z06L02GD,"74 Springfield Street, Agawam, MA 01001","74 Springfield Street, Agawam, MA 01001",Current Location
PY5I9H1QDLHJZ6QBA,"2905 Stonebridge Court, Norman, OK 73071","2905 Stonebridge Court, Norman, OK 73071",Current Location
RDRR691X73P35A7GN,"388 East Main Street, , VT 05753","388 East Main Street, , VT 05753",Current Location
LQC0L43ISD4CFODJP,"1649 Timberridge Court, Fayetteville, AR 72704","1649 Timberridge Court, Fayetteville, AR 72704",Current Location
CJ3CI3MJR4CUIVSMQ,"4 Old Colony Way, Yarmouth, MA 02664","4 Old Colony Way, Yarmouth, MA 02664",Current Location
A3MEHXRATUNJIXLHT,"1649 Timberridge Court, Fayetteville, AR 72704","1649 Timberridge Court, Fayetteville, AR 72704",Current Location
5XBB0OOV73WQ8ZUMC,"5601 West Crocus Drive, Glendale, AZ 85306","5601 West Crocus Drive, Glendale, AZ 85306",Current Location
SYN5V53Y6R4P6PT46,"6007 Applegate Lane, Louisville, KY 40219","6007 Applegate Lane, Louisville, KY 40219",Current Location
BLUF9MHLP1HHG415T,"629 Debbie Drive, Nashville, TN 37076","629 Debbie Drive, Nashville, TN 37076",Current Location
1K8CH72VTTHDHQJDC,"150 Carter Street, Manchester, CT 06040","150 Carter Street, Manchester, CT 06040",Current Location
M0C9DI448E8KRK9C9,"60 Desousa Drive, Manchester, CT 06040","60 Desousa Drive, Manchester, CT 06040",Current Location
JR1YBNRI2NI38R3W0,"2203 7th Street Road, Louisville, KY 40208","2203 7th Street Road, Louisville, KY 40208",Current Location
22I932W15LADY5WGK,"6007 Applegate Lane, Louisville, KY 40219","6007 Applegate Lane, Louisville, KY 40219",Current Location
2QN6YCGXY2IP8V7JM,"314 South 17th Street, Nashville, TN 37206","314 South 17th Street, Nashville, TN 37206",Current Location
Q6YDZ2SNI0JRN1Y5J,"5906 Milton Avenue, Deale, MD 20751","5906 Milton Avenue, Deale, MD 20751",Current Location
ZGI2SHI371J7L6F9Z,"5461 West Shades Valley Drive, Montgomery, AL 36108","5461 West Shades Valley Drive, Montgomery, AL 36108",Current Location
6G3ZOJ3N5KASYA1ZL,"600 West 19th Avenue, Anchorage, AK 99503","600 West 19th Avenue, Anchorage, AK 99503",Current Location
YNRSGP1L9CI206S7M,"22572 Toreador Drive, Salinas, CA 93908","22572 Toreador Drive, Salinas, CA 93908",Current Location
ERIZF9Z0631LAH5D5,"5601 West Crocus Drive, Glendale, AZ 85306","5601 West Crocus Drive, Glendale, AZ 85306",Current Location
2VLAYMG7TWHHQDA0H,"18 Densmore Drive, Essex, VT 05452","18 Densmore Drive, Essex, VT 05452",Current Location
VDNP0ICQKEV6N8CZG,"5461 West Shades Valley Drive, Montgomery, AL 36108","5461 West Shades Valley Drive, Montgomery, AL 36108",Current Location
0DQOWOCGAYS3DR4RI,"629 Debbie Drive, Nashville, TN 37076","629 Debbie Drive, Nashville, TN 37076",Current Location
0MP5WN3PSOBMA0XM0,"22572 Toreador Drive, Salinas, CA 93908","22572 Toreador Drive, Salinas, CA 93908",Current Location
H80Z8WFFF3Y9CR2UF,"3729 East Mission Boulevard, Fayetteville, AR 72703","3729 East Mission Boulevard, Fayetteville, AR 72703",Current Location
T3VTTR6C7ZXTLCPZI,"5928 West Mauna Loa Lane, Glendale, AZ 85306","5928 West Mauna Loa Lane, Glendale, AZ 85306",Current Location
CPDYOU9RBH8TD2WNG,"629 Debbie Drive, Nashville, TN 37076","629 Debbie Drive, Nashville, TN 37076",Current Location
3Q9BJHR16FCNFCBAP,"2905 Stonebridge Court, Norman, OK 73071","2905 Stonebridge Court, Norman, OK 73071",Current Location
4OIZDFEAKLX2DD0ZU,"22572 Toreador Drive, Salinas, CA 93908","22572 Toreador Drive, Salinas, CA 93908",Current Location
0LWLR1L19ADKO5657,"5928 West Mauna Loa Lane, Glendale, AZ 85306","5928 West Mauna Loa Lane, Glendale, AZ 85306",Current Location
0E41HCN22ZKFES8JQ,"4 Old Colony Way, Yarmouth, MA 02664","4 Old Colony Way, Yarmouth, MA 02664",Current Location
254Z19730ARU7X20A,"5114 Greentree Drive, Nashville, TN 37211","5114 Greentree Drive, Nashville, TN 37211",Current Location
RDRRPPTCS1FMU86AQ,"8821 West Myrtle Avenue, Glendale, AZ 85305","8821 West Myrtle Avenue, Glendale, AZ 85305",Current Location
QFKZHNLATPY64F3EX,"5906 Milton Avenue, Deale, MD 20751","5906 Milton Avenue, Deale, MD 20751",Current Location
P72IT4OHXFEK0MBTR,"6463 Vrain Street, Arvada, CO 80003","6463 Vrain Street, Arvada, CO 80003",Current Location
F9DHRXL83JDCLMGJ2,"2203 7th Street Road, Louisville, KY 40208","2203 7th Street Road, Louisville, KY 40208",Current Location
DRM691U6AUVZKGA9C,"210 Lacross Lane, Westmore, VT 05860","210 Lacross Lane, Westmore, VT 05860",Current Location
ETU0Q7IHJ46PEW733,"1649 Timberridge Court, Fayetteville, AR 72704","1649 Timberridge Court, Fayetteville, AR 72704",Current Location
KDVO62IJ8L55UVV45,"60 Desousa Drive, Manchester, CT 06040","60 Desousa Drive, Manchester, CT 06040",Current Location
3A9U8D0TNIOAQUPNL,"4 Old Colony Way, Yarmouth, MA 02664","4 Old Colony Way, Yarmouth, MA 02664",Current Location
UXMA8ER2179QQFEOU,"3729 East Mission Boulevard, Fayetteville, AR 72703","3729 East Mission Boulevard, Fayetteville, AR 72703",Current Location
FY2X9R0JCBVETIYMQ,"60 Desousa Drive, Manchester, CT 06040","60 Desousa Drive, Manchester, CT 06040",Current Location
CP5HBMXOOSJT85ZA3,"5906 Milton Avenue, Deale, MD 20751","5906 Milton Avenue, Deale, MD 20751",Current Location
J2UPCOYZMZP6KP4KR,"3162 Martin Luther King Junior Boulevard, Fayetteville, AR 72704","3162 Martin Luther King Junior Boulevard, Fayetteville, AR 72704",Current Location
WAAZXRR4XG9V2VPL0,"210 Green Road, Manchester, CT 06042","210 Green Road, Manchester, CT 06042",Current Location
DJ52H5GZZR6DELYSH,"5114 Greentree Drive, Nashville, TN 37211","5114 Greentree Drive, Nashville, TN 37211",Current Location
32T83X9P7FY0I11C7,"3034 Mica Street, Fayetteville, AR 72704","3034 Mica Street, Fayetteville, AR 72704",Current Location
GSPSDRYGN6ZZZLNYD,"2203 7th Street Road, Louisville, KY 40208","2203 7th Street Road, Louisville, KY 40208",Current Location
9YCIN2Z2N8P6USL3T,"6007 Applegate Lane, Louisville, KY 40219","6007 Applegate Lane, Louisville, KY 40219",Current Location
OYNT2WJTQIXO9HT1T,"629 Debbie Drive, Nashville, TN 37076","629 Debbie Drive, Nashville, TN 37076",Current Location
MLGYP2J03CSERDSAN,"1649 Timberridge Court, Fayetteville, AR 72704","1649 Timberridge Court, Fayetteville, AR 72704",Current Location
VCIO8VPUVQSVC4M9Z,"416 McIver Street, Nashville, TN 37211","416 McIver Street, Nashville, TN 37211",Current Location
S1CIIOTH5SG01ZUCF,"2010 Rising Hill Drive, Norman, OK 73071","2010 Rising Hill Drive, Norman, OK 73071",Current Location
YG573FFTPB6FAUASS,"3162 Martin Luther King Junior Boulevard, Fayetteville, AR 72704","3162 Martin Luther King Junior Boulevard, Fayetteville, AR 72704",Current Location
N2F68A21GNY8XFKAH,"2721 Lindsay Avenue, Louisville, KY 40206","2721 Lindsay Avenue, Louisville, KY 40206",Current Location
9NGZVE7BY839AMLV5,"87 Horseshoe Drive, West Windsor, VT 05037","87 Horseshoe Drive, West Windsor, VT 05037",Current Location
GDPF3OSJYJT7SQ3U6,"5906 Milton Avenue, Deale, MD 20751","5906 Milton Avenue, Deale, MD 20751",Current Location
G1I466PBZTUY40KMX,"210 Green Road, Manchester, CT 06042","210 Green Road, Manchester, CT 06042",Current Location
TQEBYJ3CLK70CCD3F,"20930 Todd Valley Road, Foresthill, CA 95631","20930 Todd Valley Road, Foresthill, CA 95631",Current Location
D5OHWW7XRNAEO3KWY,"388 East Main Street, , VT 05753","388 East Main Street, , VT 05753",Current Location
K3DON7XC6PYYHZ2CZ,"3729 East Mission Boulevard, Fayetteville, AR 72703","3729 East Mission Boulevard, Fayetteville, AR 72703",Current Location
C8HK4ONZZ8ATLMPDT,"3162 Martin Luther King Junior Boulevard, Fayetteville, AR 72704","3162 Martin Luther King Junior Boulevard, Fayetteville, AR 72704",Current Location
CKWUMH2Y38HBJNJAQ,"5928 West Mauna Loa Lane, Glendale, AZ 85306","5928 West Mauna Loa Lane, Glendale, AZ 85306",Current Location
V2M1JCYTRZLZ8O3BM,"8376 Albacore Drive, Pasadena, MD 21122","8376 Albacore Drive, Pasadena, MD 21122",Current Location
0X5YQLWFBQ9KWL9Z7,"450 Kinhawk Drive, Nashville, TN 37211","450 Kinhawk Drive, Nashville, TN 37211",Current Location
KXZZDGNI86T4XNQZ6,"5615 West Villa Maria Drive, Glendale, AZ 85308","5615 West Villa Maria Drive, Glendale, AZ 85308",Current Location
1V1N2ZODKYTM0WNCC,"159 Downey Drive, Manchester, CT 06040","159 Downey Drive, Manchester, CT 06040",Current Location
2KY3Y0PYK4DPEV2E2,"802 Madison Street Northwest, Washington, DC 20011","802 Madison Street Northwest, Washington, DC 20011",Current Location
B4CWKGP86T0UP4BNC,"716 Waller Road, Brentwood, TN 37027","716 Waller Road, Brentwood, TN 37027",Current Location
N9BZ0DUOQ8DBDU0Q2,"5615 West Villa Maria Drive, Glendale, AZ 85308","5615 West Villa Maria Drive, Glendale, AZ 85308",Current Location
O3O5RZ7MLW0K38V5P,"1101 Lotus Avenue, Glen Burnie, MD 21061","1101 Lotus Avenue, Glen Burnie, MD 21061",Current Location
7P4K2MCYQ1DHTNXON,"560 Penstock Drive, Grass Valley, CA 95945","560 Penstock Drive, Grass Valley, CA 95945",Current Location
CE48OXWWZUTV3PWDR,"637 Britannia Drive, Vallejo, CA 94591","637 Britannia Drive, Vallejo, CA 94591",Current Location
VQVQ1XJXBHBSSM045,"629 Debbie Drive, Nashville, TN 37076","629 Debbie Drive, Nashville, TN 37076",Current Location
HSLI2DECA6YE6F2YP,"6007 Applegate Lane, Louisville, KY 40219","6007 Applegate Lane, Louisville, KY 40219",Current Location
R943YAUC4LK748NSR,"1649 Timberridge Court, Fayetteville, AR 72704","1649 Timberridge Court, Fayetteville, AR 72704",Current Location
PQPFNBP61N1IKBQNL,"5403 Illinois Avenue, Nashville, TN 37209","5403 Illinois Avenue, Nashville, TN 37209",Current Location
CVGMED72368SF721V,"2721 Lindsay Avenue, Louisville, KY 40206","2721 Lindsay Avenue, Louisville, KY 40206",Current Location
N8NE5IGWWX3RFSJRE,"2203 7th Street Road, Louisville, KY 40208","2203 7th Street Road, Louisville, KY 40208",Current Location
LZYTFCCOUZCBVMHHJ,"5461 West Shades Valley Drive, Montgomery, AL 36108","5461 West Shades Valley Drive, Montgomery, AL 36108",Current Location
TRTEE5XOS7SCJI9QH,"87 Horseshoe Drive, West Windsor, VT 05037","87 Horseshoe Drive, West Windsor, VT 05037",Current Location
EV1SZPZTACLLH62T3,"74 Springfield Street, Agawam, MA 01001","74 Springfield Street, Agawam, MA 01001",Current Location
N0VKRNXHQGIB50YD2,"600 West 19th Avenue, Anchorage, AK 99503","600 West 19th Avenue, Anchorage, AK 99503",Current Location
W38RWLG2Z7OYRNRDP,"637 Britannia Drive, Vallejo, CA 94591","637 Britannia Drive, Vallejo, CA 94591",Current Location
CX90HZWUQX44NHMK5,"6007 Applegate Lane, Louisville, KY 40219","6007 Applegate Lane, Louisville, KY 40219",Current Location
30DG6Q2U8M4E7Y39X,"629 Debbie Drive, Nashville, TN 37076","629 Debbie Drive, Nashville, TN 37076",Current Location
Z0K3GP9U38U8QJEIB,"314 South 17th Street, Nashville, TN 37206","314 South 17th Street, Nashville, TN 37206",Current Location
Y9YGRZ4PQ2Z1GJVVZ,"314 South 17th Street, Nashville, TN 37206","314 South 17th Street, Nashville, TN 37206",Current Location
3INH381IPKYADBTOX,"1508 Massachusetts Avenue Southeast, Washington, DC 20003","1508 Massachusetts Avenue Southeast, Washington, DC 20003",Current Location
5Y10XJ3GQMA92J6WI,"49548 Road 200, O'Neals, CA 93645","49548 Road 200, O'Neals, CA 93645",Current Location
1D97RKNRD3P586DTA,"802 Madison Street Northwest, Washington, DC 20011","802 Madison Street Northwest, Washington, DC 20011",Current Location
0RSF733SRUHIE007R,"131 Westerly Street, Manchester, CT 06042","131 Westerly Street, Manchester, CT 06042",Current Location
QFBRXP8BD55HH3QGA,"716 Waller Road, Brentwood, TN 37027","716 Waller Road, Brentwood, TN 37027",Current Location
3O7A5VFCN6I1QJY8W,"2905 Stonebridge Court, Norman, OK 73071","2905 Stonebridge Court, Norman, OK 73071",Current Location
MY144NIGARXWMFZTN,"3466 Southview Avenue, Montgomery, AL 36111","3466 Southview Avenue, Montgomery, AL 36111",Current Location
7RFBOMJLA26Z44S4F,"3034 Mica Street, Fayetteville, AR 72704","3034 Mica Street, Fayetteville, AR 72704",Current Location
OYB39DJPX1O8PADHS,"5403 Illinois Avenue, Nashville, TN 37209","5403 Illinois Avenue, Nashville, TN 37209",Current Location
VPNOV22626UOLCHSI,"388 East Main Street, , VT 05753","388 East Main Street, , VT 05753",Current Location
OXCTMGSIU554GNLXR,"23 Sable Run Lane, Methuen, MA 01844","23 Sable Run Lane, Methuen, MA 01844",Current Location
KGQ3LR2I2CYNCP47L,"8821 West Myrtle Avenue, Glendale, AZ 85305","8821 West Myrtle Avenue, Glendale, AZ 85305",Current Location
QE7W4CRUS8ZKMJZ62,"560 Penstock Drive, Grass Valley, CA 95945","560 Penstock Drive, Grass Valley, CA 95945",Current Location
LFBZ2VA8XMSQE6DSV,"210 Lacross Lane, Westmore, VT 05860","210 Lacross Lane, Westmore, VT 05860",Current Location
VSPZKLBZOSKYQ8BT8,"1513 Cathy Street, Savannah, GA 31415","1513 Cathy Street, Savannah, GA 31415",Current Location
P5PSSMFFPNQSBHUZH,"1407 Walden Court, Crofton, MD 21114","1407 Walden Court, Crofton, MD 21114",Current Location
40YATL4MWR27RX4JT,"23 Sable Run Lane, Methuen, MA 01844","23 Sable Run Lane, Methuen, MA 01844",Current Location
SJJ6J1HZC32SNOR3I,"5601 West Crocus Drive, Glendale, AZ 85306","5601 West Crocus Drive, Glendale, AZ 85306",Current Location
355O3CS9TXHC2GIXV,"3162 Martin Luther King Junior Boulevard, Fayetteville, AR 72704","3162 Martin Luther King Junior Boulevard, Fayetteville, AR 72704",Current Location
R4QZUFBZZVEJ40L0A,"49548 Road 200, O'Neals, CA 93645","49548 Road 200, O'Neals, CA 93645",Current Location
0EAFUH9T6VP76R0AR,"210 Green Road, Manchester, CT 06042","210 Green Road, Manchester, CT 06042",Current Location
PKHIBXOJXYBY4U0UW,"5906 Milton Avenue, Deale, MD 20751","5906 Milton Avenue, Deale, MD 20751",Current Location
YELWQL3CNKMAJFT88,"2010 Rising Hill Drive, Norman, OK 73071","2010 Rising Hill Drive, Norman, OK 73071",Current Location
HLBNK68Z47NNA1CEO,"4 Old Colony Way, Yarmouth, MA 02664","4 Old Colony Way, Yarmouth, MA 02664",Current Location
LMOS7O56608XHT5JP,"716 Waller Road, Brentwood, TN 37027","716 Waller Road, Brentwood, TN 37027",Current Location
59PT5LIGNKO4YT9ZN,"1513 Cathy Street, Savannah, GA 31415","1513 Cathy Street, Savannah, GA 31415",Current Location
70SCZJS0XKQOVA4NG,"150 Carter Street, Manchester, CT 06040","150 Carter Street, Manchester, CT 06040",Current Location
V7GZ35JKONZI9YOO0,"1745 T Street Southeast, Washington, DC 20020","1745 T Street Southeast, Washington, DC 20020",Current Location
7VDVOZEPOBD9Q6ZB7,"1407 Walden Court, Crofton, MD 21114","1407 Walden Court, Crofton, MD 21114",Current Location
79ILLYATHGHRK6JLV,"6463 Vrain Street, Arvada, CO 80003","6463 Vrain Street, Arvada, CO 80003",Current Location
WR9IOHKPDI1TO97H7,"6463 Vrain Street, Arvada, CO 80003","6463 Vrain Street, Arvada, CO 80003",Current Location
NUG3VCGFEMQVVUJAI,"81 Seaton Place Northwest, Washington, DC 20001","81 Seaton Place Northwest, Washington, DC 20001",Current Location
CEHZ2RYSS1MQSL8PK,"388 East Main Street, , VT 05753","388 East Main Street, , VT 05753",Current Location
70HYNDA494SFMZGYY,"5928 West Mauna Loa Lane, Glendale, AZ 85306","5928 West Mauna Loa Lane, Glendale, AZ 85306",Current Location
HKA149Q20LF7A9X29,"6007 Applegate Lane, Louisville, KY 40219","6007 Applegate Lane, Louisville, KY 40219",Current Location
TSAPRUBIF5BIGBD8B,"3162 Martin Luther King Junior Boulevard, Fayetteville, AR 72704","3162 Martin Luther King Junior Boulevard, Fayetteville, AR 72704",Current Location
HPJMYNN9HUSOZW9S1,"560 Penstock Drive, Grass Valley, CA 95945","560 Penstock Drive, Grass Valley, CA 95945",Current Location
UNOEM40YA5M5GEG3W,"150 Carter Street, Manchester, CT 06040","150 Carter Street, Manchester, CT 06040",Current Location
2IH69QEG0N5AZSTGE,"416 McIver Street, Nashville, TN 37211","416 McIver Street, Nashville, TN 37211",Current Location
6TX7KN2W34RPOLE61,"7431 Candace Way, Louisville, KY 40214","7431 Candace Way, Louisville, KY 40214",Current Location
I0O3XYD1DNGPXIIB0,"60 Desousa Drive, Manchester, CT 06040","60 Desousa Drive, Manchester, CT 06040",Current Location
Q81OUH31DKWD7P121,"150 Carter Street, Manchester, CT 06040","150 Carter Street, Manchester, CT 06040",Current Location
VMDQQO9GS7ZNGM6KA,"210 Lacross Lane, Westmore, VT 05860","210 Lacross Lane, Westmore, VT 05860",Current Location
2J9VC60F2FQF5G7LI,"81 Seaton Place Northwest, Washington, DC 20001","81 Seaton Place Northwest, Washington, DC 20001",Current Location
W5I97095BJ05OOBNR,"7431 Candace Way, Louisville, KY 40214","7431 Candace Way, Louisville, KY 40214",Current Location
99X8HUQVBNIV3JQRC,"3466 Southview Avenue, Montgomery, AL 36111","3466 Southview Avenue, Montgomery, AL 36111",Current Location
32FQAI1OZRU81TQN9,"87 Horseshoe Drive, West Windsor, VT 05037","87 Horseshoe Drive, West Windsor, VT 05037",Current Location
93ER0FHLE2I1BRKL7,"1208 Elkader Court North, Nashville, TN 37013","1208 Elkader Court North, Nashville, TN 37013",Current Location
MNE1O9K1X52U1DAU6,"5601 West Crocus Drive, Glendale, AZ 85306","5601 West Crocus Drive, Glendale, AZ 85306",Current Location
NFGEAGYPFG49N2RMV,"1407 Walden Court, Crofton, MD 21114","1407 Walden Court, Crofton, MD 21114",Current Location
2PSZDY9PMCAN4A75P,"637 Britannia Drive, Vallejo, CA 94591","637 Britannia Drive, Vallejo, CA 94591",Current Location
9CCCTGUS0UW70VDHC,"5601 West Crocus Drive, Glendale, AZ 85306","5601 West Crocus Drive, Glendale, AZ 85306",Current Location
LMC5EBIFY4OHB72NG,"416 McIver Street, Nashville, TN 37211","416 McIver Street, Nashville, TN 37211",Current Location
9W8WJB24KPMO7F58Q,"1267 Martin Street, Nashville, TN 37203","1267 Martin Street, Nashville, TN 37203",Current Location
6BNO8GTYKW8GW290I,"5928 West Mauna Loa Lane, Glendale, AZ 85306","5928 West Mauna Loa Lane, Glendale, AZ 85306",Current Location
9AAMLHBRQCE3WL9PW,"716 Waller Road, Brentwood, TN 37027","716 Waller Road, Brentwood, TN 37027",Current Location
34LKA4YGE4GROVWH1,"450 Kinhawk Drive, Nashville, TN 37211","450 Kinhawk Drive, Nashville, TN 37211",Current Location
W09ESDFFWHLFNX5L7,"629 Debbie Drive, Nashville, TN 37076","629 Debbie Drive, Nashville, TN 37076",Current Location
VHGV98VWW46Z9YHW8,"716 Waller Road, Brentwood, TN 37027","716 Waller Road, Brentwood, TN 37027",Current Location
2QF4I7IBXPQATH5G6,"3162 Martin Luther King Junior Boulevard, Fayetteville, AR 72704","3162 Martin Luther King Junior Boulevard, Fayetteville, AR 72704",Current Location
C17R53S7055JI3PGO,"5403 Illinois Avenue, Nashville, TN 37209","5403 Illinois Avenue, Nashville, TN 37209",Current Location
1GVQMQOMN1TR4AK87,"109 Summit Street, Burlington, VT 05401","109 Summit Street, Burlington, VT 05401",Current Location
MVBEPVFSCGH1H83PI,"5403 Illinois Avenue, Nashville, TN 37209","5403 Illinois Avenue, Nashville, TN 37209",Current Location
5Y7MA48ZVVT6GDSYX,"8821 West Myrtle Avenue, Glendale, AZ 85305","8821 West Myrtle Avenue, Glendale, AZ 85305",Current Location
ORYFQXTUWJTP31BPT,"60 Desousa Drive, Manchester, CT 06040","60 Desousa Drive, Manchester, CT 06040",Current Location
Y6CXX8GN15SUQQ7A8,"6463 Vrain Street, Arvada, CO 80003","6463 Vrain Street, Arvada, CO 80003",Current Location
JV9GAI41C16DYUXAJ,"4 Old Colony Way, Yarmouth, MA 02664","4 Old Colony Way, Yarmouth, MA 02664",Current Location
7JZE51LY60K4PUVV2,"6463 Vrain Street, Arvada, CO 80003","6463 Vrain Street, Arvada, CO 80003",Current Location
F0A2F3NR1LGY04NHP,"2905 Stonebridge Court, Norman, OK 73071","2905 Stonebridge Court, Norman, OK 73071",Current Location
H6I9D4UI6BI7IEEQ1,"1649 Timberridge Court, Fayetteville, AR 72704","1649 Timberridge Court, Fayetteville, AR 72704",Current Location
H4JZU2VWFI4QT3PQN,"5601 West Crocus Drive, Glendale, AZ 85306","5601 West Crocus Drive, Glendale, AZ 85306",Current Location
UOWGJUWYR1JLFCGOZ,"87 Horseshoe Drive, West Windsor, VT 05037","87 Horseshoe Drive, West Windsor, VT 05037",Current Location
VHUXBSEPEOEZN09GM,"23 Sable Run Lane, Methuen, MA 01844","23 Sable Run Lane, Methuen, MA 01844",Current Location
BHO55RIW2JSFLUEYC,"1407 Walden Court, Crofton, MD 21114","1407 Walden Court, Crofton, MD 21114",Current Location
3P19DE3JQ2GO7T87Z,"308 Woodleaf Court, Glen Burnie, MD 21061","308 Woodleaf Court, Glen Burnie, MD 21061",Current Location
FEKVJDYKC4ERE6XIV,"210 Green Road, Manchester, CT 06042","210 Green Road, Manchester, CT 06042",Current Location
6XFCRMTJB2BKOM0HJ,"5461 West Shades Valley Drive, Montgomery, AL 36108","5461 West Shades Valley Drive, Montgomery, AL 36108",Current Location
T8MRSCO6NWYPQ7E6M,"637 Britannia Drive, Vallejo, CA 94591","637 Britannia Drive, Vallejo, CA 94591",Current Location
0WOKTCC5BVVKVWWPN,"560 Penstock Drive, Grass Valley, CA 95945","560 Penstock Drive, Grass Valley, CA 95945",Current Location
5FRCBKKHB9UYAI9XH,"314 South 17th Street, Nashville, TN 37206","314 South 17th Street, Nashville, TN 37206",Current Location
LO2NZFGTER9P091MS,"5306 Ritchie Highway, Baltimore, MD 21225","5306 Ritchie Highway, Baltimore, MD 21225",Current Location
FYDQD4QY2GZI82F44,"150 Carter Street, Manchester, CT 06040","150 Carter Street, Manchester, CT 06040",Current Location
D0O7EMRHG9V3I73JL,"637 Britannia Drive, Vallejo, CA 94591","637 Britannia Drive, Vallejo, CA 94591",Current Location
EOLTPAU09VOJP0QOL,"5461 West Shades Valley Drive, Montgomery, AL 36108","5461 West Shades Valley Drive, Montgomery, AL 36108",Current Location
24461DNDPLP4NUGCL,"637 Britannia Drive, Vallejo, CA 94591","637 Britannia Drive, Vallejo, CA 94591",Current Location
K8S0WTZOEC8GAEHRS,"2203 7th Street Road, Louisville, KY 40208","2203 7th Street Road, Louisville, KY 40208",Current Location
OXVQJOTZYKQOISQM4,"1745 T Street Southeast, Washington, DC 20020","1745 T Street Southeast, Washington, DC 20020",Current Location
CDOUBJSBAGM2APT6Y,"4 Old Colony Way, Yarmouth, MA 02664","4 Old Colony Way, Yarmouth, MA 02664",Current Location
8SPK2DTCV4LM19FY5,"131 Westerly Street, Manchester, CT 06042","131 Westerly Street, Manchester, CT 06042",Current Location
WGFL6AL3A95UX8ESX,"20930 Todd Valley Road, Foresthill, CA 95631","20930 Todd Valley Road, Foresthill, CA 95631",Current Location
0YJV3LSO9JF3FLLE5,"20930 Todd Valley Road, Foresthill, CA 95631","20930 Todd Valley Road, Foresthill, CA 95631",Current Location
AOLOAU4WOV3QJMU6E,"210 Green Road, Manchester, CT 06042","210 Green Road, Manchester, CT 06042",Current Location
SF5LRSQRLHMN8LRPE,"3034 Mica Street, Fayetteville, AR 72704","3034 Mica Street, Fayetteville, AR 72704",Current Location
HIEK2LGHBJOUVE9MP,"802 Madison Street Northwest, Washington, DC 20011","802 Madison Street Northwest, Washington, DC 20011",Current Location
EKAOEIQU7XJ00NOKK,"150 Carter Street, Manchester, CT 06040","150 Carter Street, Manchester, CT 06040",Current Location
3K7QR9TWQYKRQ4KTT,"2905 Stonebridge Court, Norman, OK 73071","2905 Stonebridge Court, Norman, OK 73071",Current Location
6Q4FAIZZBT6TKF6JP,"18 Densmore Drive, Essex, VT 05452","18 Densmore Drive, Essex, VT 05452",Current Location
UY1YDRYSDHVVNT0WR,"210 Lacross Lane, Westmore, VT 05860","210 Lacross Lane, Westmore, VT 05860",Current Location
6M1FB74BAC56ZQAFJ,"450 Kinhawk Drive, Nashville, TN 37211","450 Kinhawk Drive, Nashville, TN 37211",Current Location
LA30CQE15FA1RHIU1,"7431 Candace Way, Louisville, KY 40214","7431 Candace Way, Louisville, KY 40214",Current Location
L0IT7YE5W0P5T8GHI,"816 West 19th Avenue, Anchorage, AK 99503","816 West 19th Avenue, Anchorage, AK 99503",Current Location
U6AHYDFKSGTTPMX1Y,"491 Arabian Way, Grand Junction, CO 81504","491 Arabian Way, Grand Junction, CO 81504",Current Location
H6EO065UY9Z2C0ZU6,"132 Laurel Green Court, Savannah, GA 31419","132 Laurel Green Court, Savannah, GA 31419",Current Location
RK7Z964WIVNFO5XOS,"5615 West Villa Maria Drive, Glendale, AZ 85308","5615 West Villa Maria Drive, Glendale, AZ 85308",Current Location
HM00P0H9QB5T1HCT2,"1508 Massachusetts Avenue Southeast, Washington, DC 20003","1508 Massachusetts Avenue Southeast, Washington, DC 20003",Current Location
WGDZLIZYVAFXUQBF2,"7431 Candace Way, Louisville, KY 40214","7431 Candace Way, Louisville, KY 40214",Current Location
YVEXQSNDCGHGXVSRN,"80 North East Street, Holyoke, MA 01040","80 North East Street, Holyoke, MA 01040",Current Location
FNLHQS9A4CL84DNFE,"1649 Timberridge Court, Fayetteville, AR 72704","1649 Timberridge Court, Fayetteville, AR 72704",Current Location
TDZ0PH7B49BWUVKV9,"6463 Vrain Street, Arvada, CO 80003","6463 Vrain Street, Arvada, CO 80003",Current Location
5QIAEZC36W9I02UOV,"1101 Lotus Avenue, Glen Burnie, MD 21061","1101 Lotus Avenue, Glen Burnie, MD 21061",Current Location
ZNJA64I51PZ8GQCX2,"1364 Capri Drive, Panama City, FL 32405","1364 Capri Drive, Panama City, FL 32405",Current Location
HH0CEKJZ3B9GQ7DOQ,"1508 Massachusetts Avenue Southeast, Washington, DC 20003","1508 Massachusetts Avenue Southeast, Washington, DC 20003",Current Location
URFQCGA5WAEOP6GHA,"5306 Ritchie Highway, Baltimore, MD 21225","5306 Ritchie Highway, Baltimore, MD 21225",Current Location
78SXIRR70PXKAY8NX,"5114 Greentree Drive, Nashville, TN 37211","5114 Greentree Drive, Nashville, TN 37211",Current Location
7FW3G1257DO4AEF5W,"12245 West 71st Place, Arvada, CO 80004","12245 West 71st Place, Arvada, CO 80004",Current Location
4DLRCY17H8YC5CKO6,"5114 Greentree Drive, Nashville, TN 37211","5114 Greentree Drive, Nashville, TN 37211",Current Location
ZAYWI94JI507DC56B,"87 Horseshoe Drive, West Windsor, VT 05037","87 Horseshoe Drive, West Windsor, VT 05037",Current Location
ZHGSH5H6D1YDDL2LL,"816 West 19th Avenue, Anchorage, AK 99503","816 West 19th Avenue, Anchorage, AK 99503",Current Location
TC8YHQ9J9M64YMRB5,"1745 T Street Southeast, Washington, DC 20020","1745 T Street Southeast, Washington, DC 20020",Current Location
QPHJ27ER15N3FU5K9,"5615 West Villa Maria Drive, Glendale, AZ 85308","5615 West Villa Maria Drive, Glendale, AZ 85308",Current Location
NONG2PN4JVTMFX2LC,"6007 Applegate Lane, Louisville, KY 40219","6007 Applegate Lane, Louisville, KY 40219",Current Location
LA9FWZFPTN0EKTDYX,"5928 West Mauna Loa Lane, Glendale, AZ 85306","5928 West Mauna Loa Lane, Glendale, AZ 85306",Current Location
ZFS7TPGNS61KQW3UF,"1208 Elkader Court North, Nashville, TN 37013","1208 Elkader Court North, Nashville, TN 37013",Current Location
QT7XPF4Z979JU5SC7,"4695 East Huntsville Road, Fayetteville, AR 72701","4695 East Huntsville Road, Fayetteville, AR 72701",Current Location
WOKYX6QPZVWNM2RPK,"3162 Martin Luther King Junior Boulevard, Fayetteville, AR 72704","3162 Martin Luther King Junior Boulevard, Fayetteville, AR 72704",Current Location
KCDWIOZJVE3T8Z1SK,"491 Arabian Way, Grand Junction, CO 81504","491 Arabian Way, Grand Junction, CO 81504",Current Location
BKC9SSR4Y9LXKSPEL,"5461 West Shades Valley Drive, Montgomery, AL 36108","5461 West Shades Valley Drive, Montgomery, AL 36108",Current Location
EFYUQLFEQX0D61ZNH,"637 Britannia Drive, Vallejo, CA 94591","637 Britannia Drive, Vallejo, CA 94591",Current Location
BH8526ZIC4Q4MFTIH,"80 North East Street, Holyoke, MA 01040","80 North East Street, Holyoke, MA 01040",Current Location
N43S5X9REBPR9HB5J,"172 Alburg Springs Road, Alburgh, VT 05440","172 Alburg Springs Road, Alburgh, VT 05440",Current Location
M2M7S1L6UC2H8666F,"600 West 19th Avenue, Anchorage, AK 99503","600 West 19th Avenue, Anchorage, AK 99503",Current Location
IT1S0K7KX0K44R3D6,"310 Timrod Road, Manchester, CT 06040","310 Timrod Road, Manchester, CT 06040",Current Location
TR3H9FXY7YGWY4R56,"109 Summit Street, Burlington, VT 05401","109 Summit Street, Burlington, VT 05401",Current Location
Q7H8IREWDN6ZH6Y0V,"1513 Cathy Street, Savannah, GA 31415","1513 Cathy Street, Savannah, GA 31415",Current Location
YSDDK85RB4TFDVBV4,"5601 West Crocus Drive, Glendale, AZ 85306","5601 West Crocus Drive, Glendale, AZ 85306",Current Location
3MEFYSG74IMH2X99V,"716 Waller Road, Brentwood, TN 37027","716 Waller Road, Brentwood, TN 37027",Current Location
1JS8TQAGL6Z93J36Z,"5306 Ritchie Highway, Baltimore, MD 21225","5306 Ritchie Highway, Baltimore, MD 21225",Current Location
HXMMFRL3KCRWRLRT4,"416 McIver Street, Nashville, TN 37211","416 McIver Street, Nashville, TN 37211",Current Location
FGG88G46U1LBFZD4S,"12245 West 71st Place, Arvada, CO 80004","12245 West 71st Place, Arvada, CO 80004",Current Location
L9TSU1WAT6KO7OLYD,"20930 Todd Valley Road, Foresthill, CA 95631","20930 Todd Valley Road, Foresthill, CA 95631",Current Location
FU8K9C3O29J2SUOUY,"3162 Martin Luther King Junior Boulevard, Fayetteville, AR 72704","3162 Martin Luther King Junior Boulevard, Fayetteville, AR 72704",Current Location
P6D9YM8Y5UJ4N5I4O,"172 Alburg Springs Road, Alburgh, VT 05440","172 Alburg Springs Road, Alburgh, VT 05440",Current Location
5SWRREPTL1QTEVISY,"5615 West Villa Maria Drive, Glendale, AZ 85308","5615 West Villa Maria Drive, Glendale, AZ 85308",Current Location
91TAYZHM7A407V8O6,"81 Seaton Place Northwest, Washington, DC 20001","81 Seaton Place Northwest, Washington, DC 20001",Current Location
LULKNEW7JIOZIZVGG,"5461 West Shades Valley Drive, Montgomery, AL 36108","5461 West Shades Valley Drive, Montgomery, AL 36108",Current Location
VS1VGD1FPSWW6PJ4R,"210 Green Road, Manchester, CT 06042","210 Green Road, Manchester, CT 06042",Current Location
IO5VC1YSOHL3G6ENX,"1407 Walden Court, Crofton, MD 21114","1407 Walden Court, Crofton, MD 21114",Current Location
NAQCULMD1Q0SB6PK8,"1649 Timberridge Court, Fayetteville, AR 72704","1649 Timberridge Court, Fayetteville, AR 72704",Current Location
DASEUKSP2DMIX619N,"1267 Martin Street, Nashville, TN 37203","1267 Martin Street, Nashville, TN 37203",Current Location
JI4NKG7VDVECX3T1E,"22572 Toreador Drive, Salinas, CA 93908","22572 Toreador Drive, Salinas, CA 93908",Current Location
H6RM7SC92WW8QIWM9,"4 Old Colony Way, Yarmouth, MA 02664","4 Old Colony Way, Yarmouth, MA 02664",Current Location
CQI59L6GUULVMN8BY,"802 Madison Street Northwest, Washington, DC 20011","802 Madison Street Northwest, Washington, DC 20011",Current Location
ZXP66PMFIHS4UM30E,"3729 East Mission Boulevard, Fayetteville, AR 72703","3729 East Mission Boulevard, Fayetteville, AR 72703",Current Location
D7UW9ZGS2ITOXBIE6,"5108 Franklin Street, Savannah, GA 31405","5108 Franklin Street, Savannah, GA 31405",Current Location
1NJKNQG465ZFY1CVU,"132 Laurel Green Court, Savannah, GA 31419","132 Laurel Green Court, Savannah, GA 31419",Current Location
0GYJJXBC0WQ84UFEY,"22572 Toreador Drive, Salinas, CA 93908","22572 Toreador Drive, Salinas, CA 93908",Current Location
Z3HNSG2PBISTPT3S8,"5306 Ritchie Highway, Baltimore, MD 21225","5306 Ritchie Highway, Baltimore, MD 21225",Current Location
E4G6AWR1E4891TJON,"109 Summit Street, Burlington, VT 05401","109 Summit Street, Burlington, VT 05401",Current Location
CRQ0C4EM5DHRPYGWP,"450 Kinhawk Drive, Nashville, TN 37211","450 Kinhawk Drive, Nashville, TN 37211",Current Location
EP866DA38OVB2ANMA,"7431 Candace Way, Louisville, KY 40214","7431 Candace Way, Louisville, KY 40214",Current Location
RVFGLKAL4B9QT9IJM,"1101 Lotus Avenue, Glen Burnie, MD 21061","1101 Lotus Avenue, Glen Burnie, MD 21061",Current Location
M8ZMZIAADVB5OOKLB,"6657 West Rose Garden Lane, Glendale, AZ 85308","6657 West Rose Garden Lane, Glendale, AZ 85308",Current Location
SSJNTTNDDUD1OBOCR,"49548 Road 200, O'Neals, CA 93645","49548 Road 200, O'Neals, CA 93645",Current Location
FOC4WA327HS9QN1LN,"60 Desousa Drive, Manchester, CT 06040","60 Desousa Drive, Manchester, CT 06040",Current Location
W0NFJW91LZ18VGAIO,"132 Laurel Green Court, Savannah, GA 31419","132 Laurel Green Court, Savannah, GA 31419",Current Location
LAT6281W4J6F39CBN,"1267 Martin Street, Nashville, TN 37203","1267 Martin Street, Nashville, TN 37203",Current Location
40QN7DXTM2XXJSEYX,"4695 East Huntsville Road, Fayetteville, AR 72701","4695 East Huntsville Road, Fayetteville, AR 72701",Current Location
PYYA1UW31OMZPLOE1,"12245 West 71st Place, Arvada, CO 80004","12245 West 71st Place, Arvada, CO 80004",Current Location
H58RPZV80D4PXNPTS,"2905 Stonebridge Court, Norman, OK 73071","2905 Stonebridge Court, Norman, OK 73071",Current Location
ISAAERV1URFK7SD38,"5306 Ritchie Highway, Baltimore, MD 21225","5306 Ritchie Highway, Baltimore, MD 21225",Current Location
EG63O0OK76DF470ID,"2811 Battery Place Northwest, Washington, DC 20016","2811 Battery Place Northwest, Washington, DC 20016",Current Location
3YAUOZM0C44UWIDLW,"308 Woodleaf Court, Glen Burnie, MD 21061","308 Woodleaf Court, Glen Burnie, MD 21061",Current Location
7M1D8D7CXT6ADMO2T,"491 Arabian Way, Grand Junction, CO 81504","491 Arabian Way, Grand Junction, CO 81504",Current Location
L44IW1KAV5NMZW5BL,"1364 Capri Drive, Panama City, FL 32405","1364 Capri Drive, Panama City, FL 32405",Current Location
6BGB0KNXJNQPLLE0O,"816 West 19th Avenue, Anchorage, AK 99503","816 West 19th Avenue, Anchorage, AK 99503",Current Location
WGGJ24Y15WOZZ9JAL,"6657 West Rose Garden Lane, Glendale, AZ 85308","6657 West Rose Garden Lane, Glendale, AZ 85308",Current Location
R996XBM4QUNLWMJ3D,"8376 Albacore Drive, Pasadena, MD 21122","8376 Albacore Drive, Pasadena, MD 21122",Current Location
3B9DO8PGVJXRJM280,"10826 Pointe Royal Drive, Bakersfield, CA 93311","10826 Pointe Royal Drive, Bakersfield, CA 93311",Current Location
BM4OMUPYRRTO16FRW,"270 Chrissy's Court, , VT 05443","270 Chrissy's Court, , VT 05443",Current Location
8UBK18URFORVDBJ1C,"5108 Franklin Street, Savannah, GA 31405","5108 Franklin Street, Savannah, GA 31405",Current Location
W5ZWISTYKJ1XHGDQI,"700 Winston Place, Anchorage, AK 99504","700 Winston Place, Anchorage, AK 99504",Current Location
TQO2LF7J2OUMJV9O8,"10826 Pointe Royal Drive, Bakersfield, CA 93311","10826 Pointe Royal Drive, Bakersfield, CA 93311",Current Location
ZW4RJMIJK0DHF7XJW,"310 Timrod Road, Manchester, CT 06040","310 Timrod Road, Manchester, CT 06040",Current Location
EKY5DHC9RST2EED0R,"270 Chrissy's Court, , VT 05443","270 Chrissy's Court, , VT 05443",Current Location
TFE5ZI0DSXGGHEC5Y,"913 Fallview Trail, Nashville, TN 37211","913 Fallview Trail, Nashville, TN 37211",Current Location
3AL2RVKT8IBJAA6X5,"8376 Albacore Drive, Pasadena, MD 21122","8376 Albacore Drive, Pasadena, MD 21122",Current Location
Y3UZKWFLD74Y525WH,"159 Downey Drive, Manchester, CT 06040","159 Downey Drive, Manchester, CT 06040",Current Location
64J82CV242A97OLOZ,"6601 West Ocotillo Road, Glendale, AZ 85301","6601 West Ocotillo Road, Glendale, AZ 85301",Current Location
W86QMR52HTHEVRKYW,"87 Horseshoe Drive, West Windsor, VT 05037","87 Horseshoe Drive, West Windsor, VT 05037",Current Location
9J4ERI2PCEB70WDH7,"87 Horseshoe Drive, West Windsor, VT 05037","87 Horseshoe Drive, West Windsor, VT 05037",Current Location
OBVIIXVVM8AKTCN7F,"416 McIver Street, Nashville, TN 37211","416 McIver Street, Nashville, TN 37211",Current Location
4CINP1FEXSV710YFN,"6007 Applegate Lane, Louisville, KY 40219","6007 Applegate Lane, Louisville, KY 40219",Current Location
M3VXXG8Y8ZQSQ4ZYR,"1208 Elkader Court North, Nashville, TN 37013","1208 Elkader Court North, Nashville, TN 37013",Current Location
S92L39SFAVZCZUWRQ,"159 Downey Drive, Manchester, CT 06040","159 Downey Drive, Manchester, CT 06040",Current Location
GANNRWVBF7E68UNMB,"3466 Southview Avenue, Montgomery, AL 36111","3466 Southview Avenue, Montgomery, AL 36111",Current Location
2DTFFYYZVIUDYPSZ1,"3034 Mica Street, Fayetteville, AR 72704","3034 Mica Street, Fayetteville, AR 72704",Current Location
FUF645P94953E4W1L,"23 Sable Run Lane, Methuen, MA 01844","23 Sable Run Lane, Methuen, MA 01844",Current Location
ZZ8Y206W4GPSV2H8O,"5461 West Shades Valley Drive, Montgomery, AL 36108","5461 West Shades Valley Drive, Montgomery, AL 36108",Current Location
TM8A819ZCBGOD4TVF,"18 Densmore Drive, Essex, VT 05452","18 Densmore Drive, Essex, VT 05452",Current Location
ATTSEZ4BXRC51ZCIH,"3466 Southview Avenue, Montgomery, AL 36111","3466 Southview Avenue, Montgomery, AL 36111",Current Location
8XBDQOMQQJIZQ0USM,"20930 Todd Valley Road, Foresthill, CA 95631","20930 Todd Valley Road, Foresthill, CA 95631",Current Location
6CJ1TI0UNLYYCLWVL,"150 Carter Street, Manchester, CT 06040","150 Carter Street, Manchester, CT 06040",Current Location
QKYWK0TE2CEDIDJX2,"716 Waller Road, Brentwood, TN 37027","716 Waller Road, Brentwood, TN 37027",Current Location
S4H4O3HBT3NK3N80E,"131 Westerly Street, Manchester, CT 06042","131 Westerly Street, Manchester, CT 06042",Current Location
2ZUESOLSI7101UBEM,"12245 West 71st Place, Arvada, CO 80004","12245 West 71st Place, Arvada, CO 80004",Current Location
6SISHQTVOOATEOTJD,"2010 Rising Hill Drive, Norman, OK 73071","2010 Rising Hill Drive, Norman, OK 73071",Current Location
EENQVISZH8R9OJ8DT,"802 Madison Street Northwest, Washington, DC 20011","802 Madison Street Northwest, Washington, DC 20011",Current Location
WG9YF9XBT1BFINZMF,"3034 Mica Street, Fayetteville, AR 72704","3034 Mica Street, Fayetteville, AR 72704",Current Location
43T24GEQIENWF0ZR4,"700 Winston Place, Anchorage, AK 99504","700 Winston Place, Anchorage, AK 99504",Current Location
1VMNBQA7J8QSDW02Q,"491 Arabian Way, Grand Junction, CO 81504","491 Arabian Way, Grand Junction, CO 81504",Current Location
T0EEUEQK23E94NHFN,"4695 East Huntsville Road, Fayetteville, AR 72701","4695 East Huntsville Road, Fayetteville, AR 72701",Current Location
VH31Q8ARGZU09I3X4,"125 John Street, Santa Cruz, CA 95060","125 John Street, Santa Cruz, CA 95060",Current Location
BBK74X09OT0T4WNSE,"310 Timrod Road, Manchester, CT 06040","310 Timrod Road, Manchester, CT 06040",Current Location
JENJCUR63TTM69MHZ,"1508 Massachusetts Avenue Southeast, Washington, DC 20003","1508 Massachusetts Avenue Southeast, Washington, DC 20003",Current Location
GVKEUU9UPZEG6GTHX,"5108 Franklin Street, Savannah, GA 31405","5108 Franklin Street, Savannah, GA 31405",Current Location
2546H74Z6VNQXG44E,"416 McIver Street, Nashville, TN 37211","416 McIver Street, Nashville, TN 37211",Current Location
5EODSFPF1J1RCMIII,"60 Desousa Drive, Manchester, CT 06040","60 Desousa Drive, Manchester, CT 06040",Current Location
ULUMFGNT2UY6ESDCM,"314 South 17th Street, Nashville, TN 37206","314 South 17th Street, Nashville, TN 37206",Current Location
ZODG4U7TWN2C5YIYH,"308 Woodleaf Court, Glen Burnie, MD 21061","308 Woodleaf Court, Glen Burnie, MD 21061",Current Location
708N30ESUGKHO2DB5,"629 Debbie Drive, Nashville, TN 37076","629 Debbie Drive, Nashville, TN 37076",Current Location
PXLQY4OWTGQHX02QL,"2811 Battery Place Northwest, Washington, DC 20016","2811 Battery Place Northwest, Washington, DC 20016",Current Location
9BP5FVX9J1MFDQOQA,"8376 Albacore Drive, Pasadena, MD 21122","8376 Albacore Drive, Pasadena, MD 21122",Current Location
KPKWV1TZ71DW4JLWR,"1101 Lotus Avenue, Glen Burnie, MD 21061","1101 Lotus Avenue, Glen Burnie, MD 21061",Current Location
419KBBDAB6EBPEK9L,"1364 Capri Drive, Panama City, FL 32405","1364 Capri Drive, Panama City, FL 32405",Current Location
IO588LNN5ZBQFBDZS,"310 Timrod Road, Manchester, CT 06040","310 Timrod Road, Manchester, CT 06040",Current Location
E1XNUB9RSTPGVI5QV,"450 Kinhawk Drive, Nashville, TN 37211","450 Kinhawk Drive, Nashville, TN 37211",Current Location
B4PE53YWY735RG1FL,"232 Maine Avenue, Panama City, FL 32401","232 Maine Avenue, Panama City, FL 32401",Current Location
RJ6UYG26KGJ8F6381,"5811 Crossings Boulevard, Nashville, TN 37013","5811 Crossings Boulevard, Nashville, TN 37013",Current Location
CG53DX4U7VZ0TR3WK,"125 John Street, Santa Cruz, CA 95060","125 John Street, Santa Cruz, CA 95060",Current Location
BQQ8GCN8JWHL6SW2M,"131 Westerly Street, Manchester, CT 06042","131 Westerly Street, Manchester, CT 06042",Current Location
AFFS85FZM4PJ4K3KU,"6007 Applegate Lane, Louisville, KY 40219","6007 Applegate Lane, Louisville, KY 40219",Current Location
ZYIWDL1VQ568GH3Z5,"1745 T Street Southeast, Washington, DC 20020","1745 T Street Southeast, Washington, DC 20020",Current Location
WNRHE7FFN15TM2JJS,"1745 T Street Southeast, Washington, DC 20020","1745 T Street Southeast, Washington, DC 20020",Current Location
4AHOG3HY81M6ARIXJ,"6007 Applegate Lane, Louisville, KY 40219","6007 Applegate Lane, Louisville, KY 40219",Current Location
3RR56BSJ8E5HEQUCI,"87 Horseshoe Drive, West Windsor, VT 05037","87 Horseshoe Drive, West Windsor, VT 05037",Current Location
SEWZPY3JO4YAWMILY,"210 Green Road, Manchester, CT 06042","210 Green Road, Manchester, CT 06042",Current Location
9TMSEZ953R5FWLO61,"18 Densmore Drive, Essex, VT 05452","18 Densmore Drive, Essex, VT 05452",Current Location
RYETS6JDWUIMBMCL5,"6463 Vrain Street, Arvada, CO 80003","6463 Vrain Street, Arvada, CO 80003",Current Location
AA3M8DI3OQCG450XQ,"1513 Cathy Street, Savannah, GA 31415","1513 Cathy Street, Savannah, GA 31415",Current Location
EK2G6RCZS23DQFP74,"159 Downey Drive, Manchester, CT 06040","159 Downey Drive, Manchester, CT 06040",Current Location
0TL10TJIWBS4PSRDQ,"74 Springfield Street, Agawam, MA 01001","74 Springfield Street, Agawam, MA 01001",Current Location
LX6URW6N7J78X5HLN,"3729 East Mission Boulevard, Fayetteville, AR 72703","3729 East Mission Boulevard, Fayetteville, AR 72703",Current Location
U2BQ2R25WBWWUFW63,"629 Debbie Drive, Nashville, TN 37076","629 Debbie Drive, Nashville, TN 37076",Current Location
MMIJTU45IALJ6ICIS,"49548 Road 200, O'Neals, CA 93645","49548 Road 200, O'Neals, CA 93645",Current Location
OLIF32CE8BJOCFAS4,"600 West 19th Avenue, Anchorage, AK 99503","600 West 19th Avenue, Anchorage, AK 99503",Current Location
UYL8UBQYT329UVZT1,"3466 Southview Avenue, Montgomery, AL 36111","3466 Southview Avenue, Montgomery, AL 36111",Current Location
PF48JD3FJWG8RSM2P,"5928 West Mauna Loa Lane, Glendale, AZ 85306","5928 West Mauna Loa Lane, Glendale, AZ 85306",Current Location
KHP5SYVQVSFABTNED,"600 West 19th Avenue, Anchorage, AK 99503","600 West 19th Avenue, Anchorage, AK 99503",Current Location
WPE50JKMP6G2MD5CK,"1649 Timberridge Court, Fayetteville, AR 72704","1649 Timberridge Court, Fayetteville, AR 72704",Current Location
PKUSJLVZQU1T36AN3,"5906 Milton Avenue, Deale, MD 20751","5906 Milton Avenue, Deale, MD 20751",Current Location
0EPA2Y82L2RXCNMGL,"5403 Illinois Avenue, Nashville, TN 37209","5403 Illinois Avenue, Nashville, TN 37209",Current Location
0FQ33LYJE0DZ2I5J6,"1903 Bashford Manor Lane, Louisville, KY 40218","1903 Bashford Manor Lane, Louisville, KY 40218",Current Location
5BQRGB0Y452MNPTRR,"74 Springfield Street, Agawam, MA 01001","74 Springfield Street, Agawam, MA 01001",Current Location
JQDMTYSZQP7U2PKPU,"1267 Martin Street, Nashville, TN 37203","1267 Martin Street, Nashville, TN 37203",Current Location
NS2CBEH7KAKTV7Q3S,"1770 Colony Way, Fayetteville, AR 72704","1770 Colony Way, Fayetteville, AR 72704",Current Location
YI5FVLTQBWRNZSHDO,"4695 East Huntsville Road, Fayetteville, AR 72701","4695 East Huntsville Road, Fayetteville, AR 72701",Current Location
DE3D6GIPQNLA9ZUQU,"1903 Bashford Manor Lane, Louisville, KY 40218","1903 Bashford Manor Lane, Louisville, KY 40218",Current Location
QSTM293R76G0J9ZIA,"130 Old Route 103, Chester, VT 05143","130 Old Route 103, Chester, VT 05143",Current Location
CRKQRZNKISFSGDPSN,"6657 West Rose Garden Lane, Glendale, AZ 85308","6657 West Rose Garden Lane, Glendale, AZ 85308",Current Location
BD8QUJ9KRKEOMWATV,"3034 Mica Street, Fayetteville, AR 72704","3034 Mica Street, Fayetteville, AR 72704",Current Location
SDXM76CQJ1YM6GNGY,"5601 West Crocus Drive, Glendale, AZ 85306","5601 West Crocus Drive, Glendale, AZ 85306",Current Location
BE9LY743J8VLQ9COX,"1364 Capri Drive, Panama City, FL 32405","1364 Capri Drive, Panama City, FL 32405",Current Location
Z5OW26048X5OSU1DV,"87 Horseshoe Drive, West Windsor, VT 05037","87 Horseshoe Drive, West Windsor, VT 05037",Current Location
9WS4A7995NQJ607RB,"1267 Martin Street, Nashville, TN 37203","1267 Martin Street, Nashville, TN 37203",Current Location
E89NQDMXHSTCQ2SFQ,"81 Seaton Place Northwest, Washington, DC 20001","81 Seaton Place Northwest, Washington, DC 20001",Current Location
3AHJGG48HPVSLZQR2,"8315 Surf Drive, Panama City Beach, FL 32408","8315 Surf Drive, Panama City Beach, FL 32408",Current Location
KNO7T53NI1XJG5MWW,"23 Sable Run Lane, Methuen, MA 01844","23 Sable Run Lane, Methuen, MA 01844",Current Location
7SK8RE9SVQGHZUXSF,"165 Saint John Street, Manchester, CT 06040","165 Saint John Street, Manchester, CT 06040",Current Location
VAN0X4J54GUMXCJ0P,"18 Densmore Drive, Essex, VT 05452","18 Densmore Drive, Essex, VT 05452",Current Location
PULBQZ4613EKZKP0B,"2811 Battery Place Northwest, Washington, DC 20016","2811 Battery Place Northwest, Washington, DC 20016",Current Location
BV3X7J8GB3JSXIVOJ,"8315 Surf Drive, Panama City Beach, FL 32408","8315 Surf Drive, Panama City Beach, FL 32408",Current Location
DFKFPU8XJLL8OHVY9,"1347 Blackwalnut Court, Annapolis, MD 21403","1347 Blackwalnut Court, Annapolis, MD 21403",Current Location
B2X5XP3TIF5GXDURA,"165 Saint John Street, Manchester, CT 06040","165 Saint John Street, Manchester, CT 06040",Current Location
4B9ORYKS0LTED38FI,"130 Old Route 103, Chester, VT 05143","130 Old Route 103, Chester, VT 05143",Current Location
FTA1J45XF9PKDU6TM,"1903 Bashford Manor Lane, Louisville, KY 40218","1903 Bashford Manor Lane, Louisville, KY 40218",Current Location
Z1MH39VOBFOKWIG0F,"8502 Madrone Avenue, Louisville, KY 40258","8502 Madrone Avenue, Louisville, KY 40258",Current Location
0AI4T3B4F8QDLVQ6T,"8315 Surf Drive, Panama City Beach, FL 32408","8315 Surf Drive, Panama City Beach, FL 32408",Current Location
TPHSQLKIMORZOSLDV,"232 Maine Avenue, Panama City, FL 32401","232 Maine Avenue, Panama City, FL 32401",Current Location
2U8R4RQQQFYET71Q3,"450 Kinhawk Drive, Nashville, TN 37211","450 Kinhawk Drive, Nashville, TN 37211",Current Location
4JW57PHKFJB4Z1WE0,"165 Saint John Street, Manchester, CT 06040","165 Saint John Street, Manchester, CT 06040",Current Location
8NOS8D1W5H2YDL8F2,"519 West 75th Avenue, Anchorage, AK 99518","519 West 75th Avenue, Anchorage, AK 99518",Current Location
KVX2F14AO1PWIKVHE,"1347 Blackwalnut Court, Annapolis, MD 21403","1347 Blackwalnut Court, Annapolis, MD 21403",Current Location
8G497W5IPC2HVBVKK,"132 Laurel Green Court, Savannah, GA 31419","132 Laurel Green Court, Savannah, GA 31419",Current Location
C1K03NJINJ9CRYKM1,"4695 East Huntsville Road, Fayetteville, AR 72701","4695 East Huntsville Road, Fayetteville, AR 72701",Current Location
FL2WQV6RQOXBIEXAH,"18 Densmore Drive, Essex, VT 05452","18 Densmore Drive, Essex, VT 05452",Current Location
YVW3SQ0E7VWJ3MKDI,"2721 Lindsay Avenue, Louisville, KY 40206","2721 Lindsay Avenue, Louisville, KY 40206",Current Location
6Q97I6I4R87CAKYZ6,"450 Kinhawk Drive, Nashville, TN 37211","450 Kinhawk Drive, Nashville, TN 37211",Current Location
26DO1NS8JLLWRX9Q3,"1513 Cathy Street, Savannah, GA 31415","1513 Cathy Street, Savannah, GA 31415",Current Location
7ONL0H81E5WKVCKAD,"4 Old Colony Way, Yarmouth, MA 02664","4 Old Colony Way, Yarmouth, MA 02664",Current Location
7HZV9ZY23W7Q6N7SL,"3034 Mica Street, Fayetteville, AR 72704","3034 Mica Street, Fayetteville, AR 72704",Current Location
IQ3LIN8JLFCI3RYYE,"637 Britannia Drive, Vallejo, CA 94591","637 Britannia Drive, Vallejo, CA 94591",Current Location
DT05ARWBVY7DQTAES,"8821 West Myrtle Avenue, Glendale, AZ 85305","8821 West Myrtle Avenue, Glendale, AZ 85305",Current Location
H2RKIXGUI19VGSW1V,"8821 West Myrtle Avenue, Glendale, AZ 85305","8821 West Myrtle Avenue, Glendale, AZ 85305",Current Location
KZ3N96HAAN6L6CWFV,"4 Old Colony Way, Yarmouth, MA 02664","4 Old Colony Way, Yarmouth, MA 02664",Current Location
PF1ITKPQT7AXWD9F4,"629 Debbie Drive, Nashville, TN 37076","629 Debbie Drive, Nashville, TN 37076",Current Location
AJLEVFUDF76NRPAYW,"2721 Lindsay Avenue, Louisville, KY 40206","2721 Lindsay Avenue, Louisville, KY 40206",Current Location
4TI7V7B46D3B51WVN,"600 West 19th Avenue, Anchorage, AK 99503","600 West 19th Avenue, Anchorage, AK 99503",Current Location
L9B93PSEAZVEUM95P,"31353 Santa Elena Way, Union City, CA 94587","31353 Santa Elena Way, Union City, CA 94587",Current Location
BV6YE480E60GJGV1D,"5461 West Shades Valley Drive, Montgomery, AL 36108","5461 West Shades Valley Drive, Montgomery, AL 36108",Current Location
1I22OESJBDF47EIV4,"314 South 17th Street, Nashville, TN 37206","314 South 17th Street, Nashville, TN 37206",Current Location
FDPHVARIS97JZ4J6B,"81 Seaton Place Northwest, Washington, DC 20001","81 Seaton Place Northwest, Washington, DC 20001",Current Location
LMZUIVO0TJ1GWCMII,"87 Horseshoe Drive, West Windsor, VT 05037","87 Horseshoe Drive, West Windsor, VT 05037",Current Location
6IAU0VMWIMUCJYO89,"7431 Candace Way, Louisville, KY 40214","7431 Candace Way, Louisville, KY 40214",Current Location
9V5ZCY5E9DP1D0UD8,"8315 Surf Drive, Panama City Beach, FL 32408","8315 Surf Drive, Panama City Beach, FL 32408",Current Location
A8HN0ZOX9HF88U8F3,"8821 West Myrtle Avenue, Glendale, AZ 85305","8821 West Myrtle Avenue, Glendale, AZ 85305",Current Location
JUYCR96TIWEFGQJLA,"388 East Main Street, , VT 05753","388 East Main Street, , VT 05753",Current Location
K39QOKFFYDBZCJJO9,"5461 West Shades Valley Drive, Montgomery, AL 36108","5461 West Shades Valley Drive, Montgomery, AL 36108",Current Location
YLAVTKU4RKSM2TJBZ,"8376 Albacore Drive, Pasadena, MD 21122","8376 Albacore Drive, Pasadena, MD 21122",Current Location
XUEDNUBS5GOXAREIG,"2811 Battery Place Northwest, Washington, DC 20016","2811 Battery Place Northwest, Washington, DC 20016",Current Location
064D9BSX4WQZNF2XT,"159 Downey Drive, Manchester, CT 06040","159 Downey Drive, Manchester, CT 06040",Current Location
KKGSMY7O1IPCMZ5ZE,"1649 Timberridge Court, Fayetteville, AR 72704","1649 Timberridge Court, Fayetteville, AR 72704",Current Location
2S75TBKA0N1EM4BOB,"23 Sable Run Lane, Methuen, MA 01844","23 Sable Run Lane, Methuen, MA 01844",Current Location
PCFAZB2VNXUW0K7XE,"450 Kinhawk Drive, Nashville, TN 37211","450 Kinhawk Drive, Nashville, TN 37211",Current Location
61BUUQNXG4C5N63X1,"20930 Todd Valley Road, Foresthill, CA 95631","20930 Todd Valley Road, Foresthill, CA 95631",Current Location
KAMP6M6Y4ILIDQA0W,"172 Alburg Springs Road, Alburgh, VT 05440","172 Alburg Springs Road, Alburgh, VT 05440",Current Location
Y4C4822IF67Q7TX8X,"125 John Street, Santa Cruz, CA 95060","125 John Street, Santa Cruz, CA 95060",Current Location
Y1BV6G36IQF558E14,"716 Waller Road, Brentwood, TN 37027","716 Waller Road, Brentwood, TN 37027",Current Location
FTRNXE7YSUVEKM91D,"109 Summit Street, Burlington, VT 05401","109 Summit Street, Burlington, VT 05401",Current Location
PCX0TBHB6YUCY2BJW,"20930 Todd Valley Road, Foresthill, CA 95631","20930 Todd Valley Road, Foresthill, CA 95631",Current Location
9VDVMWMNV5IH2C2IY,"5114 Greentree Drive, Nashville, TN 37211","5114 Greentree Drive, Nashville, TN 37211",Current Location
PA8CJH1CH4DEJR36R,"270 Chrissy's Court, , VT 05443","270 Chrissy's Court, , VT 05443",Current Location
19L1A9O954M914HMZ,"816 West 19th Avenue, Anchorage, AK 99503","816 West 19th Avenue, Anchorage, AK 99503",Current Location
FW2S27G12PJ6K4W21,"716 Waller Road, Brentwood, TN 37027","716 Waller Road, Brentwood, TN 37027",Current Location
KIPTVARU3S5C6PYV4,"416 McIver Street, Nashville, TN 37211","416 McIver Street, Nashville, TN 37211",Current Location
2LIXURP0EB86YCBDV,"172 Alburg Springs Road, Alburgh, VT 05440","172 Alburg Springs Road, Alburgh, VT 05440",Current Location
1UGCYWTA4DCWK7KPE,"165 Saint John Street, Manchester, CT 06040","165 Saint John Street, Manchester, CT 06040",Current Location
TFTBTPOEW9SBHRLGY,"12245 West 71st Place, Arvada, CO 80004","12245 West 71st Place, Arvada, CO 80004",Current Location
KHUBPHDXHJPX7AU4B,"7431 Candace Way, Louisville, KY 40214","7431 Candace Way, Louisville, KY 40214",Current Location
ITUERPXC57LY0ELVB,"2409 Research Boulevard, Fort Collins, CO 80526","2409 Research Boulevard, Fort Collins, CO 80526",Current Location
N6WYHZM6ESA7ZJCJQ,"416 McIver Street, Nashville, TN 37211","416 McIver Street, Nashville, TN 37211",Current Location
IZ5X8EVF8VBM0UKLF,"4695 East Huntsville Road, Fayetteville, AR 72701","4695 East Huntsville Road, Fayetteville, AR 72701",Current Location
4X6GN1CJ4D2UGMSGO,"1508 Massachusetts Avenue Southeast, Washington, DC 20003","1508 Massachusetts Avenue Southeast, Washington, DC 20003",Current Location
GROHGXG5F853ZUSF4,"232 Maine Avenue, Panama City, FL 32401","232 Maine Avenue, Panama City, FL 32401",Current Location
ZV3M1GRVDDDJX735M,"8800 Cordell Circle, Anchorage, AK 99502","8800 Cordell Circle, Anchorage, AK 99502",Current Location
QEOQV08AMHABBI10C,"1347 Blackwalnut Court, Annapolis, MD 21403","1347 Blackwalnut Court, Annapolis, MD 21403",Current Location
I4QLDNKTONL5AE1XF,"3034 Mica Street, Fayetteville, AR 72704","3034 Mica Street, Fayetteville, AR 72704",Current Location
N5RFAO01FRGFROH6B,"308 Woodleaf Court, Glen Burnie, MD 21061","308 Woodleaf Court, Glen Burnie, MD 21061",Current Location
I70HWWLPHYXXYFVEW,"49548 Road 200, O'Neals, CA 93645","49548 Road 200, O'Neals, CA 93645",Current Location
LZXK3TLTNYYUALKRL,"388 East Main Street, , VT 05753","388 East Main Street, , VT 05753",Current Location
4EGOVILTKDMCBNKZ4,"74 Ranch Drive, Montgomery, AL 36109","74 Ranch Drive, Montgomery, AL 36109",Current Location
QX3718ID5LJ4OJWB7,"1420 Turtleback Trail, Panama City, FL 32413","1420 Turtleback Trail, Panama City, FL 32413",Current Location
E0ZEE0Y3PZR8B47SI,"19416 Barclay Road, Castro Valley, CA 94546","19416 Barclay Road, Castro Valley, CA 94546",Current Location
KWTT0UDNA5JM84VND,"3301 Old Muldoon Road, Anchorage, AK 99504","3301 Old Muldoon Road, Anchorage, AK 99504",Current Location
PIG4P0ZUB8XCQZ2FA,"7 Underwood Place Northwest, Washington, DC 20012","7 Underwood Place Northwest, Washington, DC 20012",Current Location
LV6NSCZOAN6V5DJ7U,"6601 West Ocotillo Road, Glendale, AZ 85301","6601 West Ocotillo Road, Glendale, AZ 85301",Current Location
71VVN9HQGOCCBNSB7,"10826 Pointe Royal Drive, Bakersfield, CA 93311","10826 Pointe Royal Drive, Bakersfield, CA 93311",Current Location
70ZZLHP15F4G4J5N5,"270 Chrissy's Court, , VT 05443","270 Chrissy's Court, , VT 05443",Current Location
6QZFFBHLJVITEFFJV,"1347 Blackwalnut Court, Annapolis, MD 21403","1347 Blackwalnut Court, Annapolis, MD 21403",Current Location
KRV93E7XJ0UQF0V8K,"81 Seaton Place Northwest, Washington, DC 20001","81 Seaton Place Northwest, Washington, DC 20001",Current Location
GVDS1CWJ67YJJTDI1,"1508 Massachusetts Avenue Southeast, Washington, DC 20003","1508 Massachusetts Avenue Southeast, Washington, DC 20003",Current Location
35P4U3ZM7WZDWMZP8,"700 Winston Place, Anchorage, AK 99504","700 Winston Place, Anchorage, AK 99504",Current Location
IL99AIUPI8KJ4NPBF,"8505 Waters Avenue, Savannah, GA 31406","8505 Waters Avenue, Savannah, GA 31406",Current Location
67RA8Z6FC5H78LJ9S,"2905 Stonebridge Court, Norman, OK 73071","2905 Stonebridge Court, Norman, OK 73071",Current Location
OVBELZL80K6K919MA,"1420 Turtleback Trail, Panama City, FL 32413","1420 Turtleback Trail, Panama City, FL 32413",Current Location
AJ44XD1XX8RZTMF8S,"8315 Surf Drive, Panama City Beach, FL 32408","8315 Surf Drive, Panama City Beach, FL 32408",Current Location
FJW4VDEBELR10DH48,"1903 Bashford Manor Lane, Louisville, KY 40218","1903 Bashford Manor Lane, Louisville, KY 40218",Current Location
3N2ZI7YNGUX9RHGEN,"21950 Arnold Center Road, Carson, CA 90810","21950 Arnold Center Road, Carson, CA 90810",Current Location
OR1S0I5W2JLX2T4EH,"816 West 19th Avenue, Anchorage, AK 99503","816 West 19th Avenue, Anchorage, AK 99503",Current Location
NDQJAI7KPL0EDJIR8,"210 Lacross Lane, Westmore, VT 05860","210 Lacross Lane, Westmore, VT 05860",Current Location
LR62WX3YUXLB5HAXX,"21950 Arnold Center Road, Carson, CA 90810","21950 Arnold Center Road, Carson, CA 90810",Current Location
UTFNYEQS0P7VH6Q6W,"2409 Research Boulevard, Fort Collins, CO 80526","2409 Research Boulevard, Fort Collins, CO 80526",Current Location
66O707W8WEADDR4UH,"1420 Turtleback Trail, Panama City, FL 32413","1420 Turtleback Trail, Panama City, FL 32413",Current Location
IEJG7D7IFUNGPNHA0,"210 Lacross Lane, Westmore, VT 05860","210 Lacross Lane, Westmore, VT 05860",Current Location
M25R2L7KWYXDV67YL,"1427 South Carolina Avenue Southeast, Washington, DC 20003","1427 South Carolina Avenue Southeast, Washington, DC 20003",Current Location
18ERY3SC7ZLGJOSH4,"1420 Turtleback Trail, Panama City, FL 32413","1420 Turtleback Trail, Panama City, FL 32413",Current Location
Y64SJ4XKNQQ1Y5IKR,"81 Seaton Place Northwest, Washington, DC 20001","81 Seaton Place Northwest, Washington, DC 20001",Current Location
Q7NLBL4L6II04XWTK,"20930 Todd Valley Road, Foresthill, CA 95631","20930 Todd Valley Road, Foresthill, CA 95631",Current Location
H74XI4DHTDAQIVHQR,"8502 Madrone Avenue, Louisville, KY 40258","8502 Madrone Avenue, Louisville, KY 40258",Current Location
EPX18EQORF09P9QP9,"81 Seaton Place Northwest, Washington, DC 20001","81 Seaton Place Northwest, Washington, DC 20001",Current Location
W42U3TGBBD5DCZ1JX,"172 Alburg Springs Road, Alburgh, VT 05440","172 Alburg Springs Road, Alburgh, VT 05440",Current Location
8RVP5FJBJCR4Q9J6Z,"913 Fallview Trail, Nashville, TN 37211","913 Fallview Trail, Nashville, TN 37211",Current Location
GSVB9TCFJYW62K3IE,"1208 Elkader Court North, Nashville, TN 37013","1208 Elkader Court North, Nashville, TN 37013",Current Location
3PKMWAP5OTCTJ38ED,"491 Arabian Way, Grand Junction, CO 81504","491 Arabian Way, Grand Junction, CO 81504",Current Location
X9TU1CQYV5PT6TX82,"5108 Franklin Street, Savannah, GA 31405","5108 Franklin Street, Savannah, GA 31405",Current Location
YP5AMLTHLMF2KYBKR,"131 Westerly Street, Manchester, CT 06042","131 Westerly Street, Manchester, CT 06042",Current Location
622PQT8T6GHD649TR,"1364 Capri Drive, Panama City, FL 32405","1364 Capri Drive, Panama City, FL 32405",Current Location
6Z77FA6T8BX53B346,"132 Laurel Green Court, Savannah, GA 31419","132 Laurel Green Court, Savannah, GA 31419",Current Location
G9DQ7S7KQ20L6UYV3,"308 Woodleaf Court, Glen Burnie, MD 21061","308 Woodleaf Court, Glen Burnie, MD 21061",Current Location
OIIFTHJWMJ7D3PNP8,"74 Springfield Street, Agawam, MA 01001","74 Springfield Street, Agawam, MA 01001",Current Location
4P6QUVE66Z2IUXJLO,"172 Alburg Springs Road, Alburgh, VT 05440","172 Alburg Springs Road, Alburgh, VT 05440",Current Location
993MOQKW01TB19683,"1407 Walden Court, Crofton, MD 21114","1407 Walden Court, Crofton, MD 21114",Current Location
O54NOC3HL5RK7JJ5O,"81 Seaton Place Northwest, Washington, DC 20001","81 Seaton Place Northwest, Washington, DC 20001",Current Location
TZKVXPE9EP8UU32MX,"117 East Cook Avenue, Anchorage, AK 99501","117 East Cook Avenue, Anchorage, AK 99501",Current Location
SKATK4VSHR3SN5DB5,"5114 Greentree Drive, Nashville, TN 37211","5114 Greentree Drive, Nashville, TN 37211",Current Location
HA5DKKWXUY3F4U2SC,"491 Arabian Way, Grand Junction, CO 81504","491 Arabian Way, Grand Junction, CO 81504",Current Location
YTQP7FPG53LJSFOML,"1364 Capri Drive, Panama City, FL 32405","1364 Capri Drive, Panama City, FL 32405",Current Location
I7CMZW88CYX074N1O,"5114 Greentree Drive, Nashville, TN 37211","5114 Greentree Drive, Nashville, TN 37211",Current Location
ZRUFP7QYVPKUOMLPQ,"232 Maine Avenue, Panama City, FL 32401","232 Maine Avenue, Panama City, FL 32401",Current Location
EX8Y82EBMX951XYV0,"172 Alburg Springs Road, Alburgh, VT 05440","172 Alburg Springs Road, Alburgh, VT 05440",Current Location
235I1NZZR59KR6T5N,"125 John Street, Santa Cruz, CA 95060","125 John Street, Santa Cruz, CA 95060",Current Location
MZ20M1GPWMWT1QJG0,"22572 Toreador Drive, Salinas, CA 93908","22572 Toreador Drive, Salinas, CA 93908",Current Location
CN5LTOXNJZUQ3IJJG,"310 Timrod Road, Manchester, CT 06040","310 Timrod Road, Manchester, CT 06040",Current Location
T64KXF4L5GMXMHT0W,"31353 Santa Elena Way, Union City, CA 94587","31353 Santa Elena Way, Union City, CA 94587",Current Location
MPFM9WXPO5ALPA433,"8502 Madrone Avenue, Louisville, KY 40258","8502 Madrone Avenue, Louisville, KY 40258",Current Location
HY1TT8JY61MVLP251,"2010 Rising Hill Drive, Norman, OK 73071","2010 Rising Hill Drive, Norman, OK 73071",Current Location
PMVFFG3XU1HVE36UJ,"8398 West Denton Lane, Glendale, AZ 85305","8398 West Denton Lane, Glendale, AZ 85305",Current Location
WGNYJ62MZOJNUT0NH,"210 Lacross Lane, Westmore, VT 05860","210 Lacross Lane, Westmore, VT 05860",Current Location
HESQI8XZ6J1QIUB0X,"913 Fallview Trail, Nashville, TN 37211","913 Fallview Trail, Nashville, TN 37211",Current Location
3ZM0XZVY0YN17FLOS,"1208 Elkader Court North, Nashville, TN 37013","1208 Elkader Court North, Nashville, TN 37013",Current Location
TYRKLYRPRDGF6WW5J,"5811 Crossings Boulevard, Nashville, TN 37013","5811 Crossings Boulevard, Nashville, TN 37013",Current Location
UV6YOU0E6B8DK4TLK,"2905 Stonebridge Court, Norman, OK 73071","2905 Stonebridge Court, Norman, OK 73071",Current Location
EQHABZD4HG1G5ZDP3,"2811 Battery Place Northwest, Washington, DC 20016","2811 Battery Place Northwest, Washington, DC 20016",Current Location
YTMDJTWCECH6VFZ5G,"1 Kempf Drive, Easton, MA 02375","1 Kempf Drive, Easton, MA 02375",Current Location
ARGDOFJOHZ5MYTCF8,"1427 South Carolina Avenue Southeast, Washington, DC 20003","1427 South Carolina Avenue Southeast, Washington, DC 20003",Current Location
G4Q3E5M2HEQROIXQ0,"8800 Cordell Circle, Anchorage, AK 99502","8800 Cordell Circle, Anchorage, AK 99502",Current Location
QMRHVH6YK3UG2K9PA,"519 West 75th Avenue, Anchorage, AK 99518","519 West 75th Avenue, Anchorage, AK 99518",Current Location
AJNDMLCXGYU80BRMW,"308 Woodleaf Court, Glen Burnie, MD 21061","308 Woodleaf Court, Glen Burnie, MD 21061",Current Location
MZNPVBZJSSYLVTWIW,"74 Ranch Drive, Montgomery, AL 36109","74 Ranch Drive, Montgomery, AL 36109",Current Location
VGYUE6N3VJ309SO6R,"132 Laurel Green Court, Savannah, GA 31419","132 Laurel Green Court, Savannah, GA 31419",Current Location
80F86867I4UKHAIGG,"132 Laurel Green Court, Savannah, GA 31419","132 Laurel Green Court, Savannah, GA 31419",Current Location
D4VJDNB707ANHISA1,"125 John Street, Santa Cruz, CA 95060","125 John Street, Santa Cruz, CA 95060",Current Location
TCZG3BG8ICG3Z2NG0,"130 Old Route 103, Chester, VT 05143","130 Old Route 103, Chester, VT 05143",Current Location
WB487ILNLN2GRPK9R,"21950 Arnold Center Road, Carson, CA 90810","21950 Arnold Center Road, Carson, CA 90810",Current Location
QJ6SHDKPSR0RO3O1Z,"519 West 75th Avenue, Anchorage, AK 99518","519 West 75th Avenue, Anchorage, AK 99518",Current Location
HC7VWA0V4TDKGO0ZS,"159 Downey Drive, Manchester, CT 06040","159 Downey Drive, Manchester, CT 06040",Current Location
SCO1D6XZAF9S3SOCR,"23 Sable Run Lane, Methuen, MA 01844","23 Sable Run Lane, Methuen, MA 01844",Current Location
PZDB1CV3KC7OAPAA2,"2409 Research Boulevard, Fort Collins, CO 80526","2409 Research Boulevard, Fort Collins, CO 80526",Current Location
6H2B5X745XVHAMJUM,"232 Maine Avenue, Panama City, FL 32401","232 Maine Avenue, Panama City, FL 32401",Current Location
434MORMRI80GO24L3,"519 West 75th Avenue, Anchorage, AK 99518","519 West 75th Avenue, Anchorage, AK 99518",Current Location
PAYH4Z2X6PCKF1PKZ,"519 West 75th Avenue, Anchorage, AK 99518","519 West 75th Avenue, Anchorage, AK 99518",Current Location
5QRXGT9SX0T3QZXZE,"5615 West Villa Maria Drive, Glendale, AZ 85308","5615 West Villa Maria Drive, Glendale, AZ 85308",Current Location
PFTXKRGGQDJ4XHW6V,"21950 Arnold Center Road, Carson, CA 90810","21950 Arnold Center Road, Carson, CA 90810",Current Location
MUR5LMEUDMDUWSFJU,"4695 East Huntsville Road, Fayetteville, AR 72701","4695 East Huntsville Road, Fayetteville, AR 72701",Current Location
VU730LYJ7JQ5DD4EW,"388 East Main Street, , VT 05753","388 East Main Street, , VT 05753",Current Location
Q95BJETSLMW0T8L87,"6657 West Rose Garden Lane, Glendale, AZ 85308","6657 West Rose Garden Lane, Glendale, AZ 85308",Current Location
K85YODQQ6WC6C9J29,"491 Arabian Way, Grand Junction, CO 81504","491 Arabian Way, Grand Junction, CO 81504",Current Location
Z0M5O5QLU5WI812DE,"1347 Blackwalnut Court, Annapolis, MD 21403","1347 Blackwalnut Court, Annapolis, MD 21403",Current Location
0VAUQM2HHFN1V2QT1,"21950 Arnold Center Road, Carson, CA 90810","21950 Arnold Center Road, Carson, CA 90810",Current Location
QI9IT8M1Z8VR15OJ4,"80 North East Street, Holyoke, MA 01040","80 North East Street, Holyoke, MA 01040",Current Location
D38ETKP1H4FNT9DIF,"3301 Old Muldoon Road, Anchorage, AK 99504","3301 Old Muldoon Road, Anchorage, AK 99504",Current Location
W7B4UB2Y44F7WXQZX,"8505 Waters Avenue, Savannah, GA 31406","8505 Waters Avenue, Savannah, GA 31406",Current Location
P1EIB40BNT32THH92,"8502 Madrone Avenue, Louisville, KY 40258","8502 Madrone Avenue, Louisville, KY 40258",Current Location
7GGL2ZCOP7HSLKVXR,"2409 Research Boulevard, Fort Collins, CO 80526","2409 Research Boulevard, Fort Collins, CO 80526",Current Location
LFG90JLFNC152695S,"519 West 75th Avenue, Anchorage, AK 99518","519 West 75th Avenue, Anchorage, AK 99518",Current Location
PLLFQ6V5MS2J30GGS,"19416 Barclay Road, Castro Valley, CA 94546","19416 Barclay Road, Castro Valley, CA 94546",Current Location
KJP0K15370PU4DVHW,"3162 Martin Luther King Junior Boulevard, Fayetteville, AR 72704","3162 Martin Luther King Junior Boulevard, Fayetteville, AR 72704",Current Location
UDIU77M7EW1DVKEM5,"232 Maine Avenue, Panama City, FL 32401","232 Maine Avenue, Panama City, FL 32401",Current Location
KRDV37LPHUIF7DQ72,"23 Sable Run Lane, Methuen, MA 01844","23 Sable Run Lane, Methuen, MA 01844",Current Location
IPOZY1YHV1MHL9ZLE,"23 Sable Run Lane, Methuen, MA 01844","23 Sable Run Lane, Methuen, MA 01844",Current Location
LZTIK415DFL0F1NOY,"3162 Martin Luther King Junior Boulevard, Fayetteville, AR 72704","3162 Martin Luther King Junior Boulevard, Fayetteville, AR 72704",Current Location
TGDWULRM8INI2PJVM,"2409 Research Boulevard, Fort Collins, CO 80526","2409 Research Boulevard, Fort Collins, CO 80526",Current Location
XKMUAK0KXL3852WTX,"12245 West 71st Place, Arvada, CO 80004","12245 West 71st Place, Arvada, CO 80004",Current Location
42695GT96FIM7PHUE,"1427 South Carolina Avenue Southeast, Washington, DC 20003","1427 South Carolina Avenue Southeast, Washington, DC 20003",Current Location
YQZUMEDC5SUBDBQJE,"1101 Lotus Avenue, Glen Burnie, MD 21061","1101 Lotus Avenue, Glen Burnie, MD 21061",Current Location
IPCL6OBT7UDYCFQAP,"270 Chrissy's Court, , VT 05443","270 Chrissy's Court, , VT 05443",Current Location
EL9ZX9JY05PI3F0RZ,"308 Woodleaf Court, Glen Burnie, MD 21061","308 Woodleaf Court, Glen Burnie, MD 21061",Current Location
N6M37A8A8M715QPGF,"1508 Massachusetts Avenue Southeast, Washington, DC 20003","1508 Massachusetts Avenue Southeast, Washington, DC 20003",Current Location
3EHDFXF58ELZZ8G6F,"2409 Research Boulevard, Fort Collins, CO 80526","2409 Research Boulevard, Fort Collins, CO 80526",Current Location
WHYHUFUM1KWSH8LXS,"816 West 19th Avenue, Anchorage, AK 99503","816 West 19th Avenue, Anchorage, AK 99503",Current Location
AAF0RHY0Y1A0X337B,"132 Laurel Green Court, Savannah, GA 31419","132 Laurel Green Court, Savannah, GA 31419",Current Location
I9J5ZM5PD9QHSFZIB,"8398 West Denton Lane, Glendale, AZ 85305","8398 West Denton Lane, Glendale, AZ 85305",Current Location
Q3OCSB0DA00AFOUHZ,"8800 Cordell Circle, Anchorage, AK 99502","8800 Cordell Circle, Anchorage, AK 99502",Current Location
BP8XNQT8FDBWC6CO9,"74 Ranch Drive, Montgomery, AL 36109","74 Ranch Drive, Montgomery, AL 36109",Current Location
VLH7NLG5SNNS2QLHE,"80 North East Street, Holyoke, MA 01040","80 North East Street, Holyoke, MA 01040",Current Location
CTLKW757XPU018DF3,"19416 Barclay Road, Castro Valley, CA 94546","19416 Barclay Road, Castro Valley, CA 94546",Current Location
HJN92QZ0S74QDJUGW,"31353 Santa Elena Way, Union City, CA 94587","31353 Santa Elena Way, Union City, CA 94587",Current Location
MULJWB5JM54478R7G,"1508 Massachusetts Avenue Southeast, Washington, DC 20003","1508 Massachusetts Avenue Southeast, Washington, DC 20003",Current Location
P71DA11ZSD0AULJQ7,"1347 Blackwalnut Court, Annapolis, MD 21403","1347 Blackwalnut Court, Annapolis, MD 21403",Current Location
MRNAXU2HK6MI2SR4X,"1427 South Carolina Avenue Southeast, Washington, DC 20003","1427 South Carolina Avenue Southeast, Washington, DC 20003",Current Location
7H4JZOOTHHU03FTJZ,"5306 Ritchie Highway, Baltimore, MD 21225","5306 Ritchie Highway, Baltimore, MD 21225",Current Location
PC3Z9ZOOHHW6PFJHA,"130 Old Route 103, Chester, VT 05143","130 Old Route 103, Chester, VT 05143",Current Location
IQE5ZRNWDQ87BYBSJ,"3301 Old Muldoon Road, Anchorage, AK 99504","3301 Old Muldoon Road, Anchorage, AK 99504",Current Location
5ADOF30P1CYD3FB8R,"1 Kempf Drive, Easton, MA 02375","1 Kempf Drive, Easton, MA 02375",Current Location
HLXHY68AW1WWXXCLG,"1508 Massachusetts Avenue Southeast, Washington, DC 20003","1508 Massachusetts Avenue Southeast, Washington, DC 20003",Current Location
4TGDCK3VXXGGHACCQ,"8315 Surf Drive, Panama City Beach, FL 32408","8315 Surf Drive, Panama City Beach, FL 32408",Current Location
CCT4GAYPHE3JUW329,"117 East Cook Avenue, Anchorage, AK 99501","117 East Cook Avenue, Anchorage, AK 99501",Current Location
YAWRZDVP3E8S2XW1L,"310 Timrod Road, Manchester, CT 06040","310 Timrod Road, Manchester, CT 06040",Current Location
25O2OKWRTFNGKNJZ8,"130 Old Route 103, Chester, VT 05143","130 Old Route 103, Chester, VT 05143",Current Location
L6UB68CYJ7X0C30AI,"5811 Crossings Boulevard, Nashville, TN 37013","5811 Crossings Boulevard, Nashville, TN 37013",Current Location
6DBIZO5E79I2VWMZC,"716 Waller Road, Brentwood, TN 37027","716 Waller Road, Brentwood, TN 37027",Current Location
E69GTL3S8KD8E0HS9,"31353 Santa Elena Way, Union City, CA 94587","31353 Santa Elena Way, Union City, CA 94587",Current Location
XSB6D5VYANQF8U6M3,"132 Laurel Green Court, Savannah, GA 31419","132 Laurel Green Court, Savannah, GA 31419",Current Location
7KBE3F9IS02NI7ZLY,"519 West 75th Avenue, Anchorage, AK 99518","519 West 75th Avenue, Anchorage, AK 99518",Current Location
JCP03VP2H8ZXNHT7B,"5811 Crossings Boulevard, Nashville, TN 37013","5811 Crossings Boulevard, Nashville, TN 37013",Current Location
R5EE9XQ07S9HBBI6L,"8376 Albacore Drive, Pasadena, MD 21122","8376 Albacore Drive, Pasadena, MD 21122",Current Location
DWECS79Y4LBB2PF06,"310 Timrod Road, Manchester, CT 06040","310 Timrod Road, Manchester, CT 06040",Current Location
C5SD5303MD6T5DSMY,"165 Saint John Street, Manchester, CT 06040","165 Saint John Street, Manchester, CT 06040",Current Location
CK6XGGAOO0LURII68,"8505 Waters Avenue, Savannah, GA 31406","8505 Waters Avenue, Savannah, GA 31406",Current Location
TJ0TYFTFKSTDXSLQY,"10826 Pointe Royal Drive, Bakersfield, CA 93311","10826 Pointe Royal Drive, Bakersfield, CA 93311",Current Location
D387PHQ09YKHHGH7K,"117 East Cook Avenue, Anchorage, AK 99501","117 East Cook Avenue, Anchorage, AK 99501",Current Location
DPVJA3QI4WOOUK46F,"19416 Barclay Road, Castro Valley, CA 94546","19416 Barclay Road, Castro Valley, CA 94546",Current Location
NFQA85XAW4RV9SVTT,"80 North East Street, Holyoke, MA 01040","80 North East Street, Holyoke, MA 01040",Current Location
WGEIR6CJHKHOKT9B6,"74 Ranch Drive, Montgomery, AL 36109","74 Ranch Drive, Montgomery, AL 36109",Current Location
Z5U0834DW7EVJ4HV5,"1420 Turtleback Trail, Panama City, FL 32413","1420 Turtleback Trail, Panama City, FL 32413",Current Location
NCRU0M6WNEGWRP3Q6,"1770 Colony Way, Fayetteville, AR 72704","1770 Colony Way, Fayetteville, AR 72704",Current Location
YCJ33U3JSB461I6MD,"3301 Old Muldoon Road, Anchorage, AK 99504","3301 Old Muldoon Road, Anchorage, AK 99504",Current Location
SE3DCVAXEAJC8XF0C,"130 Old Route 103, Chester, VT 05143","130 Old Route 103, Chester, VT 05143",Current Location
5H0MN0RJYHC23EL7L,"2409 Research Boulevard, Fort Collins, CO 80526","2409 Research Boulevard, Fort Collins, CO 80526",Current Location
JI6A3U4AXWE95ZK66,"1364 Capri Drive, Panama City, FL 32405","1364 Capri Drive, Panama City, FL 32405",Current Location
1OFIHFASO5U7X15W6,"6601 West Ocotillo Road, Glendale, AZ 85301","6601 West Ocotillo Road, Glendale, AZ 85301",Current Location
W3NJ1ZIAY5Q6SKCR2,"1101 Lotus Avenue, Glen Burnie, MD 21061","1101 Lotus Avenue, Glen Burnie, MD 21061",Current Location
QJOOSATQZZKO1IYJ1,"6657 West Rose Garden Lane, Glendale, AZ 85308","6657 West Rose Garden Lane, Glendale, AZ 85308",Current Location
Q802ZUV97X1X5ELVE,"80 North East Street, Holyoke, MA 01040","80 North East Street, Holyoke, MA 01040",Current Location
4SD7YJNA79677JI3E,"130 Old Route 103, Chester, VT 05143","130 Old Route 103, Chester, VT 05143",Current Location
DY63672MQX2Q6ALSJ,"3301 Old Muldoon Road, Anchorage, AK 99504","3301 Old Muldoon Road, Anchorage, AK 99504",Current Location
7UFJ80VT19BRGWWSZ,"8800 Cordell Circle, Anchorage, AK 99502","8800 Cordell Circle, Anchorage, AK 99502",Current Location
J2ID9ZYDLT6VPPH85,"8376 Albacore Drive, Pasadena, MD 21122","8376 Albacore Drive, Pasadena, MD 21122",Current Location
G5MXBKVSID1U218ZG,"6231 North 67th Avenue, Glendale, AZ 85301","6231 North 67th Avenue, Glendale, AZ 85301",Current Location
AO161KDMBCNXYUPUL,"74 Ranch Drive, Montgomery, AL 36109","74 Ranch Drive, Montgomery, AL 36109",Current Location
311GVPFAIDPO9Y9Y4,"4695 East Huntsville Road, Fayetteville, AR 72701","4695 East Huntsville Road, Fayetteville, AR 72701",Current Location
423X785I8MWMT8B5V,"5811 Crossings Boulevard, Nashville, TN 37013","5811 Crossings Boulevard, Nashville, TN 37013",Current Location
7O32KXIKK5SM7QJIZ,"1 Kempf Drive, Easton, MA 02375","1 Kempf Drive, Easton, MA 02375",Current Location
ZLPPKUG5JQTEL6U68,"74 Ranch Drive, Montgomery, AL 36109","74 Ranch Drive, Montgomery, AL 36109",Current Location
JWA7KBDHAUPQW4QFI,"6657 West Rose Garden Lane, Glendale, AZ 85308","6657 West Rose Garden Lane, Glendale, AZ 85308",Current Location
6XHQ14HKKMMVZC187,"109 Summit Street, Burlington, VT 05401","109 Summit Street, Burlington, VT 05401",Current Location
Y7EHVOWF5KYB0D5YP,"1364 Capri Drive, Panama City, FL 32405","1364 Capri Drive, Panama City, FL 32405",Current Location
VNDGNFQH5EUVNS0VQ,"172 Alburg Springs Road, Alburgh, VT 05440","172 Alburg Springs Road, Alburgh, VT 05440",Current Location
DK9O6DIE8RXV37OBP,"270 Chrissy's Court, , VT 05443","270 Chrissy's Court, , VT 05443",Current Location
N5KMTEC14FWAX50EO,"1427 South Carolina Avenue Southeast, Washington, DC 20003","1427 South Carolina Avenue Southeast, Washington, DC 20003",Current Location
BFQ61D6BSO1RO38XM,"1347 Blackwalnut Court, Annapolis, MD 21403","1347 Blackwalnut Court, Annapolis, MD 21403",Current Location
C51S6GJK490ZM4XYT,"7 Underwood Place Northwest, Washington, DC 20012","7 Underwood Place Northwest, Washington, DC 20012",Current Location
4374S5NYDN399E22K,"1903 Bashford Manor Lane, Louisville, KY 40218","1903 Bashford Manor Lane, Louisville, KY 40218",Current Location
AO0STURM02FBM49P4,"491 Arabian Way, Grand Junction, CO 81504","491 Arabian Way, Grand Junction, CO 81504",Current Location
GRK5T13YGXXOPS7RN,"172 Alburg Springs Road, Alburgh, VT 05440","172 Alburg Springs Road, Alburgh, VT 05440",Current Location
DKAJ4OYQ5Z4QSSHXH,"19416 Barclay Road, Castro Valley, CA 94546","19416 Barclay Road, Castro Valley, CA 94546",Current Location
431O3ZABZ72GPK887,"117 East Cook Avenue, Anchorage, AK 99501","117 East Cook Avenue, Anchorage, AK 99501",Current Location
JDX30ZEC6T64O8A0O,"8398 West Denton Lane, Glendale, AZ 85305","8398 West Denton Lane, Glendale, AZ 85305",Current Location
MQ1A3AKGKXV06KQ1I,"1347 Blackwalnut Court, Annapolis, MD 21403","1347 Blackwalnut Court, Annapolis, MD 21403",Current Location
XLSAD5YE87GBYV3W2,"1420 Turtleback Trail, Panama City, FL 32413","1420 Turtleback Trail, Panama City, FL 32413",Current Location
9OGZVBMP2PWBQS3ZQ,"8398 West Denton Lane, Glendale, AZ 85305","8398 West Denton Lane, Glendale, AZ 85305",Current Location
Y5QRFOCJK74OMSWIU,"159 Downey Drive, Manchester, CT 06040","159 Downey Drive, Manchester, CT 06040",Current Location
GYQKNZP986ORWTX02,"491 Arabian Way, Grand Junction, CO 81504","491 Arabian Way, Grand Junction, CO 81504",Current Location
J5QBO9OCL1LWSSKLG,"7 Underwood Place Northwest, Washington, DC 20012","7 Underwood Place Northwest, Washington, DC 20012",Current Location
JUE1VXEPA4OKW46U8,"8398 West Denton Lane, Glendale, AZ 85305","8398 West Denton Lane, Glendale, AZ 85305",Current Location
ZQOYQCM0Z97LDI6P6,"5108 Franklin Street, Savannah, GA 31405","5108 Franklin Street, Savannah, GA 31405",Current Location
2S8ZKLHCBZ4XYW2Y5,"1427 South Carolina Avenue Southeast, Washington, DC 20003","1427 South Carolina Avenue Southeast, Washington, DC 20003",Current Location
LD5S4VP0UF3R1RD9F,"5811 Crossings Boulevard, Nashville, TN 37013","5811 Crossings Boulevard, Nashville, TN 37013",Current Location
VSDPLS6JFSNKAK1VG,"310 Timrod Road, Manchester, CT 06040","310 Timrod Road, Manchester, CT 06040",Current Location
4POXPYYGO37N57HH2,"519 West 75th Avenue, Anchorage, AK 99518","519 West 75th Avenue, Anchorage, AK 99518",Current Location
CLHKDOYA7ENBAH6R8,"74 Ranch Drive, Montgomery, AL 36109","74 Ranch Drive, Montgomery, AL 36109",Current Location
4U5WN34V9LU1ZIZWZ,"700 Winston Place, Anchorage, AK 99504","700 Winston Place, Anchorage, AK 99504",Current Location
GA2K0GG5DRS3PD919,"700 Winston Place, Anchorage, AK 99504","700 Winston Place, Anchorage, AK 99504",Current Location
CRM6CGR9RQTNTH8NB,"6231 North 67th Avenue, Glendale, AZ 85301","6231 North 67th Avenue, Glendale, AZ 85301",Current Location
E49KLYLQ1SZZT5BLS,"117 East Cook Avenue, Anchorage, AK 99501","117 East Cook Avenue, Anchorage, AK 99501",Current Location
YXRQGJ7XOQJUGKOD2,"3301 Old Muldoon Road, Anchorage, AK 99504","3301 Old Muldoon Road, Anchorage, AK 99504",Current Location
PZXCQURBJJ5MDQV72,"8398 West Denton Lane, Glendale, AZ 85305","8398 West Denton Lane, Glendale, AZ 85305",Current Location
3ITCSXASKOYESAXWJ,"8398 West Denton Lane, Glendale, AZ 85305","8398 West Denton Lane, Glendale, AZ 85305",Current Location
EW9LWIY9P3VLOZG8J,"165 Saint John Street, Manchester, CT 06040","165 Saint John Street, Manchester, CT 06040",Current Location
70DX2SJ08TKAOFENW,"2409 Research Boulevard, Fort Collins, CO 80526","2409 Research Boulevard, Fort Collins, CO 80526",Current Location
0KGYCUQTCGXSWFVRN,"913 Fallview Trail, Nashville, TN 37211","913 Fallview Trail, Nashville, TN 37211",Current Location
8QD5OI2IIH8F70YTF,"5108 Franklin Street, Savannah, GA 31405","5108 Franklin Street, Savannah, GA 31405",Current Location
JRS7Z8NI5Q8802UG8,"232 Maine Avenue, Panama City, FL 32401","232 Maine Avenue, Panama City, FL 32401",Current Location
RMQN6ZFIXLQE4KR0L,"7 Underwood Place Northwest, Washington, DC 20012","7 Underwood Place Northwest, Washington, DC 20012",Current Location
7Z9CVSWW31IRWNEMU,"8505 Waters Avenue, Savannah, GA 31406","8505 Waters Avenue, Savannah, GA 31406",Current Location
GZ7OS2033ZXIDP4MS,"6657 West Rose Garden Lane, Glendale, AZ 85308","6657 West Rose Garden Lane, Glendale, AZ 85308",Current Location
19NBG9N4ZJIUHUZAX,"10826 Pointe Royal Drive, Bakersfield, CA 93311","10826 Pointe Royal Drive, Bakersfield, CA 93311",Current Location
YM3WTR8RLMQODSMOS,"5811 Crossings Boulevard, Nashville, TN 37013","5811 Crossings Boulevard, Nashville, TN 37013",Current Location
UXXTAGPJZXF1K6SJB,"1903 Bashford Manor Lane, Louisville, KY 40218","1903 Bashford Manor Lane, Louisville, KY 40218",Current Location
441WLVE62TT3QGHUI,"232 Maine Avenue, Panama City, FL 32401","232 Maine Avenue, Panama City, FL 32401",Current Location
8F0UT2Z8XULW9NGGJ,"6601 West Ocotillo Road, Glendale, AZ 85301","6601 West Ocotillo Road, Glendale, AZ 85301",Current Location
GFA6N2BWV5A748O76,"1427 South Carolina Avenue Southeast, Washington, DC 20003","1427 South Carolina Avenue Southeast, Washington, DC 20003",Current Location
5RGSQ2AL7S0ST1XX3,"130 Old Route 103, Chester, VT 05143","130 Old Route 103, Chester, VT 05143",Current Location
R1CFVSUQFSM4BVNP0,"117 East Cook Avenue, Anchorage, AK 99501","117 East Cook Avenue, Anchorage, AK 99501",Current Location
H8KXHVIQP9FIUSXK5,"1770 Colony Way, Fayetteville, AR 72704","1770 Colony Way, Fayetteville, AR 72704",Current Location
3S6U1P8DQB522CL6U,"74 Ranch Drive, Montgomery, AL 36109","74 Ranch Drive, Montgomery, AL 36109",Current Location
JG5S7HLVD43SP37FH,"8398 West Denton Lane, Glendale, AZ 85305","8398 West Denton Lane, Glendale, AZ 85305",Current Location
QXCPT065U8D9U654B,"5811 Crossings Boulevard, Nashville, TN 37013","5811 Crossings Boulevard, Nashville, TN 37013",Current Location
HJM7HGRJG5GGZM1SM,"913 Fallview Trail, Nashville, TN 37211","913 Fallview Trail, Nashville, TN 37211",Current Location
AR2A4W6MO1CO554DF,"10826 Pointe Royal Drive, Bakersfield, CA 93311","10826 Pointe Royal Drive, Bakersfield, CA 93311",Current Location
9TD85JFVC2LDGAEV7,"21950 Arnold Center Road, Carson, CA 90810","21950 Arnold Center Road, Carson, CA 90810",Current Location
IERDVO4HJN1LBEWXS,"8315 Surf Drive, Panama City Beach, FL 32408","8315 Surf Drive, Panama City Beach, FL 32408",Current Location
AVSAX5NRZ1ZUHSBQ1,"8398 West Denton Lane, Glendale, AZ 85305","8398 West Denton Lane, Glendale, AZ 85305",Current Location
QNFUI2H3CZ2GXG5QU,"10826 Pointe Royal Drive, Bakersfield, CA 93311","10826 Pointe Royal Drive, Bakersfield, CA 93311",Current Location
JJ3L30RZNIGWJR7HZ,"519 West 75th Avenue, Anchorage, AK 99518","519 West 75th Avenue, Anchorage, AK 99518",Current Location
R78PUZAKR6LOIKPJ9,"7 Underwood Place Northwest, Washington, DC 20012","7 Underwood Place Northwest, Washington, DC 20012",Current Location
O04TLARK3X5O8XR80,"3301 Old Muldoon Road, Anchorage, AK 99504","3301 Old Muldoon Road, Anchorage, AK 99504",Current Location
YC2CVHSW1EA8DNFVI,"74 Ranch Drive, Montgomery, AL 36109","74 Ranch Drive, Montgomery, AL 36109",Current Location
9BZMH57BO8R8BAC98,"10826 Pointe Royal Drive, Bakersfield, CA 93311","10826 Pointe Royal Drive, Bakersfield, CA 93311",Current Location
KBM84N93B0S2Y16RM,"7 Underwood Place Northwest, Washington, DC 20012","7 Underwood Place Northwest, Washington, DC 20012",Current Location
CXOM9L0E0OG3P5UTZ,"1 Kempf Drive, Easton, MA 02375","1 Kempf Drive, Easton, MA 02375",Current Location
TSJ24H60H406HRKZA,"6657 West Rose Garden Lane, Glendale, AZ 85308","6657 West Rose Garden Lane, Glendale, AZ 85308",Current Location
RAM1E8QH6YZ5VABOU,"1770 Colony Way, Fayetteville, AR 72704","1770 Colony Way, Fayetteville, AR 72704",Current Location
OOE50JRMDKB9GTYDB,"19416 Barclay Road, Castro Valley, CA 94546","19416 Barclay Road, Castro Valley, CA 94546",Current Location
L2DXRVTLHKVN62QXX,"913 Fallview Trail, Nashville, TN 37211","913 Fallview Trail, Nashville, TN 37211",Current Location
3X7S76NRKTZCL4010,"31353 Santa Elena Way, Union City, CA 94587","31353 Santa Elena Way, Union City, CA 94587",Current Location
M8C69RZRTV28KR6XF,"2409 Research Boulevard, Fort Collins, CO 80526","2409 Research Boulevard, Fort Collins, CO 80526",Current Location
WGMAF7JPI9WELI4AU,"1 Kempf Drive, Easton, MA 02375","1 Kempf Drive, Easton, MA 02375",Current Location
O8EOD6QGU0IB15XFH,"5811 Crossings Boulevard, Nashville, TN 37013","5811 Crossings Boulevard, Nashville, TN 37013",Current Location
E5TM7575DSV67WLV8,"21950 Arnold Center Road, Carson, CA 90810","21950 Arnold Center Road, Carson, CA 90810",Current Location
EGTEO5GCPT4ZT46D0,"117 East Cook Avenue, Anchorage, AK 99501","117 East Cook Avenue, Anchorage, AK 99501",Current Location
2KKKDWKPHMEV4N0QK,"132 Laurel Green Court, Savannah, GA 31419","132 Laurel Green Court, Savannah, GA 31419",Current Location
MRUVF2MHR0M362T70,"5108 Franklin Street, Savannah, GA 31405","5108 Franklin Street, Savannah, GA 31405",Current Location
8JEZ3YHAQYWPJGO1Q,"700 Winston Place, Anchorage, AK 99504","700 Winston Place, Anchorage, AK 99504",Current Location
4NNO8U2ENQ3IL17HD,"31353 Santa Elena Way, Union City, CA 94587","31353 Santa Elena Way, Union City, CA 94587",Current Location
0468BS893L7JOMRNX,"19416 Barclay Road, Castro Valley, CA 94546","19416 Barclay Road, Castro Valley, CA 94546",Current Location
WSX3GY5N1LGUHVTNP,"6231 North 67th Avenue, Glendale, AZ 85301","6231 North 67th Avenue, Glendale, AZ 85301",Current Location
UK1I5SDZJWHYVSSZA,"8505 Waters Avenue, Savannah, GA 31406","8505 Waters Avenue, Savannah, GA 31406",Current Location
78NW1QSD0SLY7BJMP,"1427 South Carolina Avenue Southeast, Washington, DC 20003","1427 South Carolina Avenue Southeast, Washington, DC 20003",Current Location
4T2GKVXDQ3E8A3BV0,"3301 Old Muldoon Road, Anchorage, AK 99504","3301 Old Muldoon Road, Anchorage, AK 99504",Current Location
5CLKWABDDXW4G02WQ,"21950 Arnold Center Road, Carson, CA 90810","21950 Arnold Center Road, Carson, CA 90810",Current Location
KCLBZXB4Q18X2OZBL,"8315 Surf Drive, Panama City Beach, FL 32408","8315 Surf Drive, Panama City Beach, FL 32408",Current Location
V56N8Z5LGK6DT18RX,"7 Underwood Place Northwest, Washington, DC 20012","7 Underwood Place Northwest, Washington, DC 20012",Current Location
5YRWQQ7HIZWCU13QQ,"8800 Cordell Circle, Anchorage, AK 99502","8800 Cordell Circle, Anchorage, AK 99502",Current Location
L9UO3XUQ1VY43E5L8,"165 Saint John Street, Manchester, CT 06040","165 Saint John Street, Manchester, CT 06040",Current Location
GI8F673RA6WT7B0JM,"1347 Blackwalnut Court, Annapolis, MD 21403","1347 Blackwalnut Court, Annapolis, MD 21403",Current Location
UNF5SK5FWIGMML4NR,"1420 Turtleback Trail, Panama City, FL 32413","1420 Turtleback Trail, Panama City, FL 32413",Current Location
MZQ0K6AP9F02I2VPO,"7 Underwood Place Northwest, Washington, DC 20012","7 Underwood Place Northwest, Washington, DC 20012",Current Location
H3W14W8XG3H27RW6B,"1770 Colony Way, Fayetteville, AR 72704","1770 Colony Way, Fayetteville, AR 72704",Current Location
YTFTCASQSKJK5LEA1,"1770 Colony Way, Fayetteville, AR 72704","1770 Colony Way, Fayetteville, AR 72704",Current Location
TCPGLGGZ1VX33KG6Q,"21950 Arnold Center Road, Carson, CA 90810","21950 Arnold Center Road, Carson, CA 90810",Current Location
XJYFXGWCLZ63R8FVH,"6231 North 67th Avenue, Glendale, AZ 85301","6231 North 67th Avenue, Glendale, AZ 85301",Current Location
EGTNISXLJJL6HQP7N,"3301 Old Muldoon Road, Anchorage, AK 99504","3301 Old Muldoon Road, Anchorage, AK 99504",Current Location
F39AYDE8P8PCNS5XY,"6601 West Ocotillo Road, Glendale, AZ 85301","6601 West Ocotillo Road, Glendale, AZ 85301",Current Location
ARTP8QD6ZCI0L0XG8,"165 Saint John Street, Manchester, CT 06040","165 Saint John Street, Manchester, CT 06040",Current Location
QSVUG79XFW3UGNULV,"2409 Research Boulevard, Fort Collins, CO 80526","2409 Research Boulevard, Fort Collins, CO 80526",Current Location
9Y4LSX5ZCGCB110GQ,"1427 South Carolina Avenue Southeast, Washington, DC 20003","1427 South Carolina Avenue Southeast, Washington, DC 20003",Current Location
F8EIPBTDKTDQ4T5BJ,"1420 Turtleback Trail, Panama City, FL 32413","1420 Turtleback Trail, Panama City, FL 32413",Current Location
ZN5UGR9WAXDUZMDTU,"1420 Turtleback Trail, Panama City, FL 32413","1420 Turtleback Trail, Panama City, FL 32413",Current Location
LJ2ZV2BNAVWXA9FX2,"6231 North 67th Avenue, Glendale, AZ 85301","6231 North 67th Avenue, Glendale, AZ 85301",Current Location